{
  "omega": 0.37483253041115494,
  "tau": 9.480751073369246,
  "A": 2.933257724253569,
  "phi": -0.8516528236244095,
  "omega_pct_err": 0.30305871318034894,
  "tau_pct_err": 15.659184473185245,
  "omega_theory": 0.3737,
  "tau_theory": 11.241,
  "t_start_used": 18.0,
  "t_end_used": 50.0,
  "m4_plateau_min": 18.0,
  "m4_plateau_max": 25.0
}