{
  "omega": 0.3748426978050129,
  "tau": 9.480790711979875,
  "omega_std": 4.3740912348857485e-05,
  "tau_std": 0.0027091771465937928,
  "t_starts": [
    10.0,
    11.0,
    12.0,
    13.0,
    14.0,
    15.0,
    16.0,
    17.0,
    18.0,
    19.0,
    20.0,
    21.0,
    22.0,
    23.0,
    24.0,
    25.0
  ],
  "omegas": [
    0.37475027515071363,
    0.37508063190528934,
    0.37324047651642545,
    0.37446429353793764,
    0.37473298709143354,
    0.37481385925064076,
    0.37483498672554516,
    0.3748208742416896,
    0.37482555775229554,
    0.37481562025868587,
    0.3748518524311348,
    0.3748815108930583,
    0.3748943362763643,
    0.37479821990938045,
    0.3747740579484802,
    0.37490042697070364
  ],
  "taus": [
    9.145768179356095,
    9.179316425029901,
    9.447671779814696,
    9.492850633737069,
    9.485517333972377,
    9.487006262808205,
    9.490470414573952,
    9.487845555099288,
    9.483136121547581,
    9.484232149572522,
    9.481464931440257,
    9.481546406060378,
    9.481107625589503,
    9.47946689274402,
    9.4745863521804,
    9.480785216704344
  ],
  "omegas1": [
    0.27510150395828303,
    0.24612481948917772,
    0.5523300991144402,
    0.8010745868051712,
    0.7815042087151576,
    0.7892025937417685,
    0.6621245314450991,
    0.6190153493150945,
    0.6179967032278714,
    0.5980943502132935,
    0.6872231586544186,
    0.671387833150339,
    0.671674094404764,
    0.7379371488064632,
    0.6016377961796737,
    0.3126339013833325
  ],
  "taus1": [
    2.9068065721931196,
    2.8243533464667783,
    2.3423222303113684,
    2.017287619758364,
    1.9270287410761842,
    1.88666974803806,
    1.9219244724478564,
    1.888232105828434,
    1.9144221493701021,
    1.813963678664587,
    3.68912212447363,
    2.0696795335961182,
    2.109325000690792,
    2.789210203055051,
    2.3817123451743827,
    0.46459921449116814
  ],
  "plateau_idx": [
    8,
    9,
    10,
    11,
    12,
    13,
    14,
    15
  ],
  "t0_plateau_min": 18.0,
  "t0_plateau_max": 25.0,
  "omega_pct_err": 0.30577945009711416,
  "tau_pct_err": 15.658831847879412,
  "omega_theory": 0.3737,
  "tau_theory": 11.241
}