{
  "omega": 0.37979634916445737,
  "tau": 11.062237722828678,
  "A": 2.0892100357290477,
  "phi": -0.9548605493849631,
  "omega_pct_err": 1.63134845182162,
  "tau_pct_err": 1.590270235489025,
  "omega_theory": 0.3737,
  "tau_theory": 11.241
}