{
  "omega": 0.37263040962419924,
  "tau": 9.907523411256552,
  "omega_pct_err": 0.28621631677836046,
  "tau_pct_err": 11.86261532553552,
  "omega_theory": 0.3737,
  "tau_theory": 11.241
}