{
  "omega": 0.37484619439654016,
  "tau": 9.485202459568876,
  "omega_std": 3.444463882273668e-05,
  "tau_std": 0.0034926149409555403,
  "t_starts": [
    10.0,
    11.666666666666666,
    13.333333333333334,
    15.0,
    16.666666666666668,
    18.333333333333336,
    20.0,
    21.666666666666668,
    23.333333333333336,
    25.0
  ],
  "t_ends": [
    30.0,
    34.0,
    38.0,
    42.0,
    46.0,
    50.0
  ],
  "omegas_grid": [
    [
      0.367425537720271,
      0.37333660491837917,
      0.3743625311016118,
      0.3742815253057998,
      0.37307783295048796,
      0.8524073126192517,
      0.34674472193922423,
      0.3763056077437401,
      NaN,
      NaN
    ],
    [
      0.3743833196905409,
      0.3755198730584434,
      0.3745357163189574,
      0.3747991765215069,
      0.37475389849569285,
      0.050016282338484236,
      NaN,
      0.37494194542886,
      0.3759105842513403,
      NaN
    ],
    [
      0.3739402413468847,
      0.3722245313450034,
      0.3745438976443603,
      0.3747862853634501,
      0.3746523544944719,
      NaN,
      0.05000103036037389,
      0.3748933876751431,
      0.37415315928193665,
      0.3732906214197012
    ],
    [
      0.3728161246691306,
      0.37268044981522747,
      0.3745943755875174,
      0.37481110487309033,
      0.3748315309170685,
      0.3748433325429277,
      0.3748560817141937,
      0.3749206718617062,
      0.3747727261306126,
      0.37505609411854957
    ],
    [
      0.37476952431538885,
      0.37270488477797165,
      0.3745973862357045,
      0.3748083665944559,
      0.37481820752837786,
      0.37482362605009134,
      0.3748486652910391,
      0.37490457120424664,
      0.3747502315281168,
      0.37476379551113925
    ],
    [
      0.37475027515071363,
      0.37282986236157256,
      0.3746118711642899,
      0.37481385925064076,
      0.3748243229350455,
      0.37483657158117684,
      0.3748518524311348,
      0.3749001511729068,
      0.251859206552765,
      0.37490042697070364
    ]
  ],
  "taus_grid": [
    [
      9.036306535387778,
      8.879826428226643,
      9.496167871246179,
      9.47476004743711,
      9.540342017400969,
      49.99999840597084,
      9.153841218857416,
      9.909913227614142,
      NaN,
      NaN
    ],
    [
      9.002103472797563,
      9.104317623926677,
      9.490683435483588,
      9.48826629124595,
      9.499661742128747,
      49.99999994774787,
      NaN,
      9.378606273319306,
      9.345354647384575,
      NaN
    ],
    [
      9.086732264532289,
      9.409083110686547,
      9.489695901957775,
      9.488458456180698,
      9.492542572572564,
      NaN,
      17.03998128450353,
      9.484521905146213,
      9.50629962468521,
      9.421269080635394
    ],
    [
      9.093518317984929,
      9.380654378379951,
      9.488014800829298,
      9.48780420495506,
      9.49208810671465,
      9.485607422230988,
      9.48396746365099,
      9.482082560441631,
      9.478803867337142,
      9.498598631231152
    ],
    [
      9.142702332866108,
      9.418076527610886,
      9.48744521141084,
      9.48714190965736,
      9.489914473339237,
      9.4838374346458,
      9.4815288586978,
      9.48089912036216,
      9.478699867664869,
      9.4852317395936
    ],
    [
      9.145768179356095,
      9.406806360514018,
      9.486873093622695,
      9.487006262808205,
      9.489847018738969,
      9.483706138496476,
      9.481464931440257,
      9.481140987353534,
      10.878717687172497,
      9.480785216704344
    ]
  ],
  "plateau_t0_idx": [
    3,
    4,
    5,
    6,
    7
  ],
  "plateau_te_idx": [
    3,
    4,
    5
  ],
  "t0_plateau_min": 15.0,
  "t0_plateau_max": 21.666666666666668,
  "te_plateau_min": 42.0,
  "te_plateau_max": 50.0,
  "omega_pct_err": 0.306715118153647,
  "tau_pct_err": 15.61958491620962,
  "omega_theory": 0.3737,
  "tau_theory": 11.241
}