{
  "omega": 0.37346915401176595,
  "tau": 10.796978702173835,
  "omega_std": 0.0008428534416346435,
  "tau_std": 0.1152099668317852,
  "omega1": 0.5967808726035353,
  "tau1": 3.9099953079662075,
  "omega1_std": 0.07418778871084253,
  "tau1_std": 0.9574638384703794,
  "t_starts": [
    10.0,
    11.0,
    12.0,
    13.0,
    14.0,
    15.0,
    16.0,
    17.0,
    18.0,
    19.0,
    20.0,
    21.0,
    22.0,
    23.0,
    24.0,
    25.0
  ],
  "omegas": [
    0.37219205004352657,
    0.372449980246576,
    0.37273950995811683,
    0.3733920926673967,
    0.3742548185511267,
    0.37415637872047214,
    0.37411532646684764,
    0.3744530754400648,
    0.3758240161203655,
    0.37662903371030326,
    0.3736154506795731,
    0.3733460194406433,
    0.37338092096684805,
    0.3734440019127358,
    0.37350014801535814,
    0.3735454820795551
  ],
  "taus": [
    10.655954007045182,
    10.664133427022458,
    10.683458606033017,
    10.73958377823235,
    10.860776450114333,
    10.922466278687375,
    10.927233153827348,
    10.922223916428615,
    10.951704593397608,
    11.71471462241503,
    11.547211326784144,
    11.390892292792962,
    11.318469857718483,
    11.281480080469763,
    11.261168257932407,
    11.249528737486278
  ],
  "omegas1": [
    0.652884018776993,
    0.6849047124222862,
    0.6973480162143696,
    0.6385831557603538,
    0.5472662952450384,
    0.5220306594673574,
    0.5201429205562291,
    0.5110872023856546,
    0.4641147779432963,
    0.3785682103576493,
    0.34807807847228944,
    0.3340704585928634,
    0.32781117599445925,
    0.32629201044789957,
    0.32780384080846087,
    0.3311624551663235
  ],
  "taus1": [
    2.4633128304611653,
    2.610248977721643,
    3.0861423984187617,
    4.3946416149196175,
    4.943870137510741,
    4.467081132545232,
    4.391079469986434,
    4.923585902166065,
    6.201694673613436,
    6.798569353683696,
    5.87190589721532,
    5.107209541754943,
    4.584443954787916,
    4.230499749823607,
    3.988844572709759,
    3.8239342578877653
  ],
  "plateau_idx": [
    0,
    1,
    2,
    3,
    4,
    5,
    6,
    7
  ],
  "t0_plateau_min": 10.0,
  "t0_plateau_max": 17.0,
  "omega_pct_err": 0.06177307686219687,
  "tau_pct_err": 3.950015993471798,
  "omega_theory": 0.3737,
  "tau_theory": 11.241,
  "omega_dim": 0.37346915401176595,
  "tau_dim": 10.796978702173835,
  "M_used": 1.0
}