{
  "omega": 0.37287824634940386,
  "tau": 10.693835763434638,
  "omega_std": 0.0007187770103238728,
  "tau_std": 0.09594312130893272,
  "t_starts": [
    10.0,
    11.666666666666666,
    13.333333333333334,
    15.0,
    16.666666666666668,
    18.333333333333336,
    20.0,
    21.666666666666668,
    23.333333333333336,
    25.0
  ],
  "t_ends": [
    30.0,
    34.0,
    38.0,
    42.0,
    46.0,
    50.0
  ],
  "omegas_grid": [
    [
      0.37096240615652215,
      0.37142999914831787,
      0.3716471460184183,
      0.37214529641883864,
      0.3727466649751954,
      0.3685858617345278,
      0.37233369588243564,
      NaN,
      NaN,
      NaN
    ],
    [
      0.371616860876347,
      0.37234866398788136,
      0.3728798498093737,
      0.37333081158471076,
      0.3730651817284606,
      0.37272866549111244,
      NaN,
      0.37354845700237,
      0.3745516752373658,
      NaN
    ],
    [
      0.37176046018442227,
      0.37229063129669276,
      0.3731940612725296,
      0.3735144741182331,
      0.37323938518270017,
      NaN,
      0.37432117571317636,
      0.37567992529141897,
      0.3757292162760722,
      0.5827172825773591
    ],
    [
      0.37202740760755143,
      0.37256926282166686,
      0.3734673226329151,
      0.37386332895354457,
      0.3740059931840286,
      0.3750821374415927,
      0.37735135990278756,
      NaN,
      0.37447104605844644,
      0.37390688806171246
    ],
    [
      0.372121717407686,
      0.37259437714190924,
      0.37390425657174725,
      0.37419056042925813,
      0.3744327511417122,
      0.37872706688678504,
      0.37718800467620617,
      0.3741314157802316,
      0.3736793155398402,
      0.37360889623670995
    ],
    [
      0.37219205004352657,
      0.3726385323974946,
      0.3738550519586025,
      0.37415637872047214,
      0.3742976704049596,
      0.37755672192235507,
      0.3736154506795731,
      0.3733637346804285,
      0.3734677311515854,
      0.3735454820795551
    ]
  ],
  "taus_grid": [
    [
      10.550570589636319,
      10.541693012114768,
      10.55393837001198,
      10.601612332840547,
      10.721755219086832,
      11.332480058154106,
      10.93834283743754,
      NaN,
      NaN,
      NaN
    ],
    [
      10.577597194642799,
      10.55763463108444,
      10.60937308975635,
      10.723185889026784,
      10.854978978663091,
      10.89152792370507,
      NaN,
      10.8843695692143,
      10.932583466917361,
      NaN
    ],
    [
      10.611525359943757,
      10.621161893070083,
      10.684322468779241,
      10.797009656562023,
      10.829457939765128,
      NaN,
      10.82819715657381,
      10.937506508890348,
      11.182294341271017,
      12.37617443178241
    ],
    [
      10.620720634136154,
      10.626499438013887,
      10.702181633095654,
      10.801626433176116,
      10.790261211804038,
      10.74524419214991,
      10.895287098917676,
      NaN,
      11.339762908541958,
      11.297419140244548
    ],
    [
      10.653449736000514,
      10.671431551708746,
      10.773155325384622,
      10.903488535455656,
      10.894861796135634,
      10.753210794632402,
      11.617075728084808,
      11.419285346038453,
      11.312023551014578,
      11.270860263959543
    ],
    [
      10.655954007045182,
      10.675779433682239,
      10.78533451705199,
      10.922466278687375,
      10.923463642385013,
      11.097031175113868,
      11.547211326784144,
      11.3351097770366,
      11.271940205587606,
      11.249528737486278
    ]
  ],
  "plateau_t0_idx": [
    0,
    1,
    2,
    3,
    4
  ],
  "plateau_te_idx": [
    1,
    2,
    3
  ],
  "t0_plateau_min": 10.0,
  "t0_plateau_max": 16.666666666666668,
  "te_plateau_min": 34.0,
  "te_plateau_max": 42.0,
  "omega_pct_err": 0.21989661509127997,
  "tau_pct_err": 4.867576163734201,
  "omega_theory": 0.3737,
  "tau_theory": 11.241,
  "omega_dim": 0.37287824634940386,
  "tau_dim": 10.693835763434638,
  "M_used": 1.0
}