{
  "omega": 0.3797934307958436,
  "tau": 11.465442485697046,
  "A": 2.0118487720255906,
  "phi": -0.9524113433439203,
  "omega_pct_err": 1.6305675129364796,
  "tau_pct_err": 1.9966416306115724,
  "omega_theory": 0.3737,
  "tau_theory": 11.241,
  "omega_dim": 0.3797934307958436,
  "tau_dim": 11.465442485697046,
  "M_used": 1.0,
  "t_start_used": 10.0,
  "t_end_used": 50.0,
  "m4_plateau_min": 10.0,
  "m4_plateau_max": 17.0
}