{
  "omega": 0.37161698636363844,
  "tau": 10.928644029033745,
  "omega_pct_err": 0.5574026321545469,
  "tau_pct_err": 2.778720496096923,
  "omega_theory": 0.3737,
  "tau_theory": 11.241,
  "omega_dim": 0.37161698636363844,
  "tau_dim": 10.928644029033745,
  "M_used": 1.0
}