{
  "omega": 0.375963338439394,
  "tau": 10.92312782012863,
  "K": 6,
  "all_omegas": [
    9.358572496773832,
    0.0048047025020251,
    -0.08320972442251068,
    -0.0005246119022390345,
    0.375963338439394,
    0.5085723495869362
  ],
  "all_taus": [
    0.02550243802309376,
    Infinity,
    1.1731196909013055,
    Infinity,
    10.92312782012863,
    7.414470418338486
  ],
  "all_amps": [
    0.0,
    5.4511337569425696e-24,
    3.786474508404026e-40,
    4.1070082431337825e-40,
    7.572949016808052e-40,
    4.1070082431337825e-40
  ],
  "omega_pct_err": 0.60565652646348,
  "tau_pct_err": 2.827792721923039,
  "omega_theory": 0.3737,
  "tau_theory": 11.241,
  "omega_dim": 0.375963338439394,
  "tau_dim": 10.92312782012863,
  "M_used": 1.0
}