{
  "omega": 0.3734691543237789,
  "tau": 10.79697870714206,
  "omega_std": 0.0008428537714275611,
  "tau_std": 0.11520997703505065,
  "omega1": 0.5967808644079597,
  "tau1": 3.909995721443959,
  "omega1_std": 0.07418780318341014,
  "tau1_std": 0.9574643447394761,
  "t_starts": [
    10.0,
    11.0,
    12.0,
    13.0,
    14.0,
    15.0,
    16.0,
    17.0,
    18.0,
    19.0,
    20.0,
    21.0,
    22.0,
    23.0,
    24.0,
    25.0
  ],
  "omegas": [
    0.37219205017242574,
    0.3724499802653685,
    0.37273950994133925,
    0.37339209270146717,
    0.3742548185228881,
    0.3741563787569136,
    0.37411532614274934,
    0.37445307808707934,
    0.3758240160761952,
    0.37662903414453325,
    0.37361545040526556,
    0.37334601917922317,
    0.3733809209462287,
    0.373444001927022,
    0.37350014793362124,
    0.37354547695536605
  ],
  "taus": [
    10.655954000174974,
    10.664133431568782,
    10.683458593690794,
    10.739583775176223,
    10.86077644775624,
    10.922466269277697,
    10.927233178286178,
    10.922223961205589,
    10.951704637881857,
    11.714715064686137,
    11.547211295759315,
    11.390892263197491,
    11.3184699313264,
    11.281480150811078,
    11.261168232182893,
    11.249531408585783
  ],
  "omegas1": [
    0.6528840268016196,
    0.6849047165543913,
    0.6973480200140089,
    0.6385831590553822,
    0.5472662960224602,
    0.5220306637941134,
    0.5201429107974271,
    0.5110871222242754,
    0.46411476948388436,
    0.3785681999933689,
    0.3480780726687572,
    0.33407044949043124,
    0.3278111838187689,
    0.32629201989325735,
    0.32780383320501,
    0.33116212620574875
  ],
  "taus1": [
    2.4633127986502457,
    2.610249015170093,
    3.086142229718338,
    4.394641648338504,
    4.943870105673315,
    4.467081190871745,
    4.391078965898373,
    4.923589817231058,
    6.201694437148939,
    6.798570101547846,
    5.871905770466518,
    5.107209400108634,
    4.584444479142714,
    4.230500374269688,
    3.9888443312333184,
    3.823968314514135
  ],
  "plateau_idx": [
    0,
    1,
    2,
    3,
    4,
    5,
    6,
    7
  ],
  "t0_plateau_min": 10.0,
  "t0_plateau_max": 17.0,
  "omega_pct_err": 0.06177299336929588,
  "tau_pct_err": 3.950015949274441,
  "omega_theory": 0.3737,
  "tau_theory": 11.241,
  "omega_dim": 0.3734691543237789,
  "tau_dim": 10.79697870714206,
  "M_used": 1.0
}