{
  "omega": 0.37287824636995365,
  "tau": 10.693835754829712,
  "omega_std": 0.0007187770229085766,
  "tau_std": 0.09594310925204798,
  "t_starts": [
    10.0,
    11.666666666666666,
    13.333333333333334,
    15.0,
    16.666666666666668,
    18.333333333333336,
    20.0,
    21.666666666666668,
    23.333333333333336,
    25.0
  ],
  "t_ends": [
    30.0,
    34.0,
    38.0,
    42.0,
    46.0,
    50.0
  ],
  "omegas_grid": [
    [
      0.3709624061406592,
      0.37142999911668007,
      0.3716471457038556,
      0.3721453016911786,
      0.37274666724538447,
      0.36948296891380294,
      0.37233385007895087,
      NaN,
      NaN,
      NaN
    ],
    [
      0.371616860895746,
      0.37234866393613353,
      0.3728798499462515,
      0.3733308115892488,
      0.37306518226671165,
      0.3727286661186681,
      NaN,
      0.3735484412395371,
      0.3745536739466767,
      NaN
    ],
    [
      0.3717604602206079,
      0.37229063133902224,
      0.37319406097463154,
      0.37351447391891884,
      0.37323938505268817,
      NaN,
      0.3743211750776357,
      0.3756799196569263,
      0.3757292132067551,
      0.5827169313890249
    ],
    [
      0.37202740764877756,
      0.3725692626800052,
      0.37346732262275306,
      0.3738633289593749,
      0.37400599349843355,
      0.3750821374349921,
      0.3773513628713288,
      NaN,
      0.374471044515355,
      0.3739068947220112
    ],
    [
      0.37212171730178256,
      0.3725943772356342,
      0.3739042565558058,
      0.3741905603233033,
      0.3744327502675034,
      0.37872706906096615,
      0.3771879954167941,
      0.37413141498786356,
      0.37367931523348563,
      0.37360889636492717
    ],
    [
      0.37219205017242574,
      0.3726385323080141,
      0.3738550521567993,
      0.3741563787569136,
      0.37429766987600604,
      0.37755673982429705,
      0.37361545040526556,
      0.3733637349162439,
      0.3734677311078487,
      0.37354547695536605
    ]
  ],
  "taus_grid": [
    [
      10.550570589324634,
      10.541693011777978,
      10.553938352215578,
      10.601612815984629,
      10.721755560743063,
      11.595540310986463,
      10.938324163334181,
      NaN,
      NaN,
      NaN
    ],
    [
      10.577597195024792,
      10.557634630596596,
      10.609373099798217,
      10.723185881950194,
      10.854978876892018,
      10.89152787388971,
      NaN,
      10.884369610155062,
      10.932721347924335,
      NaN
    ],
    [
      10.61152536007751,
      10.621161889770853,
      10.684322462347073,
      10.797009673272866,
      10.829457947670384,
      NaN,
      10.82819714528611,
      10.93750597053378,
      11.182294941190056,
      12.376013135603761
    ],
    [
      10.620720634580863,
      10.626499429013103,
      10.702181633018194,
      10.801626428500711,
      10.790261179932283,
      10.74524419462275,
      10.895287288766982,
      NaN,
      11.339762873617799,
      11.297419648992685
    ],
    [
      10.653449745427846,
      10.671431550982748,
      10.773155332634628,
      10.903488546602926,
      10.894861911960437,
      10.7532113784574,
      11.617076135994143,
      11.41928527194455,
      11.312023513248892,
      11.270860279202937
    ],
    [
      10.655954000174974,
      10.675779433930586,
      10.785334525937726,
      10.922466269277697,
      10.923463677488224,
      11.097032506497996,
      11.547211295759315,
      11.335109880305792,
      11.271940206811571,
      11.249531408585783
    ]
  ],
  "plateau_t0_idx": [
    0,
    1,
    2,
    3,
    4
  ],
  "plateau_te_idx": [
    1,
    2,
    3
  ],
  "t0_plateau_min": 10.0,
  "t0_plateau_max": 16.666666666666668,
  "te_plateau_min": 34.0,
  "te_plateau_max": 42.0,
  "omega_pct_err": 0.2198966095922743,
  "tau_pct_err": 4.867576240283676,
  "omega_theory": 0.3737,
  "tau_theory": 11.241,
  "omega_dim": 0.37287824636995365,
  "tau_dim": 10.693835754829712,
  "M_used": 1.0
}