{
  "omega": 0.3797934306391816,
  "tau": 11.465442484919787,
  "A": 2.0118487725291674,
  "phi": -0.9524113404821574,
  "omega_pct_err": 1.6305674710146127,
  "tau_pct_err": 1.9966416236970703,
  "omega_theory": 0.3737,
  "tau_theory": 11.241,
  "omega_dim": 0.3797934306391816,
  "tau_dim": 11.465442484919787,
  "M_used": 1.0
}