{
  "omega": 0.3759633384393867,
  "tau": 10.923127820127128,
  "K": 6,
  "all_omegas": [
    9.35857249677226,
    0.004804702502024318,
    -0.08320972442251948,
    -0.0005246119022485665,
    0.3759633384393867,
    0.5085723495869394
  ],
  "all_taus": [
    0.025502438023093075,
    Infinity,
    1.1731196909013308,
    Infinity,
    10.923127820127128,
    7.414470418339113
  ],
  "all_amps": [
    0.0,
    5.451133756945934e-24,
    3.786474508404026e-40,
    3.786474508404026e-40,
    4.1070082431337825e-40,
    0.0
  ],
  "omega_pct_err": 0.6056565264615192,
  "tau_pct_err": 2.8277927219364085,
  "omega_theory": 0.3737,
  "tau_theory": 11.241,
  "omega_dim": 0.3759633384393867,
  "tau_dim": 10.923127820127128,
  "M_used": 1.0
}