{
  "omega": 0.4647353579285852,
  "tau": 3.8569940879280007,
  "K": 6,
  "all_omegas": [
    26.8883298329931,
    -0.003631211392217189,
    -0.06922210361663193,
    0.0018240961042171237,
    0.36827054327670944,
    0.4647353579285852
  ],
  "all_taus": [
    0.031114022162081388,
    Infinity,
    0.9698549349515097,
    Infinity,
    10.225279549246412,
    3.8569940879280007
  ],
  "all_amps": [
    0.0,
    1.0867234231786655e-24,
    1.8510036011715157e-40,
    1.8510036011715157e-40,
    9.255018005857579e-41,
    9.466186271010065e-41
  ],
  "omega_pct_err": 24.360545338128244,
  "tau_pct_err": 65.68815863421402,
  "omega_theory": 0.3737,
  "tau_theory": 11.241,
  "omega_dim": 0.4647353579285852,
  "tau_dim": 3.8569940879280007,
  "M_used": 1.0
}