{
  "omega": 0.3678315957361818,
  "tau": 10.381926113495002,
  "omega_pct_err": 1.5703516895419278,
  "tau_pct_err": 7.642326185437219,
  "omega_theory": 0.3737,
  "tau_theory": 11.241,
  "omega_dim": 0.3678315957361818,
  "tau_dim": 10.381926113495002,
  "M_used": 1.0
}