{
  "omega": 0.37760681458333056,
  "tau": 11.383547467627684,
  "A": 2.027311959054889,
  "phi": -0.9206697653474089,
  "omega_pct_err": 1.0454414191411794,
  "tau_pct_err": 1.2681030836018554,
  "omega_theory": 0.3737,
  "tau_theory": 11.241,
  "omega_dim": 0.37760681458333056,
  "tau_dim": 11.383547467627684,
  "M_used": 1.0
}