{
  "omega": 0.36749988455605626,
  "tau": 10.35408022198305,
  "omega_std": 0.0008741936801066906,
  "tau_std": 0.18672579397158237,
  "t_starts": [
    10.0,
    11.666666666666666,
    13.333333333333334,
    15.0,
    16.666666666666668,
    18.333333333333336,
    20.0,
    21.666666666666668,
    23.333333333333336,
    25.0
  ],
  "t_ends": [
    30.0,
    34.0,
    38.0,
    42.0,
    46.0,
    50.0
  ],
  "omegas_grid": [
    [
      0.369744337840691,
      0.370032273697015,
      0.3693883292788467,
      0.36915386744190665,
      NaN,
      0.411125047508697,
      0.3703476172069052,
      NaN,
      NaN,
      NaN
    ],
    [
      0.3689620282561969,
      0.3683223907644758,
      0.36782671935140615,
      0.3675263485920707,
      0.3679446137671746,
      0.3687441314785278,
      NaN,
      0.7817828580926955,
      0.370842955486624,
      NaN
    ],
    [
      0.36860335935287847,
      0.36781460499164836,
      0.3673811050344896,
      0.3673604613401718,
      0.36728286700972784,
      NaN,
      0.05000000124060873,
      0.3194056830997438,
      0.3424396942612212,
      0.35900692614454566
    ],
    [
      0.3670845032724374,
      0.3665340607460283,
      0.36508953739204875,
      0.36734010871438816,
      0.3674255597557016,
      0.3541533744363292,
      0.32349188655464345,
      0.34467860306459797,
      0.3610277603528779,
      0.3622329889534182
    ],
    [
      0.3661785513979497,
      0.36566943548372405,
      0.36899429161061365,
      0.36772977196073103,
      0.36806921913334334,
      0.36837310217728764,
      0.0568338147501483,
      0.36851879005024474,
      0.15826395428787893,
      0.1604396861364252
    ],
    [
      0.3663344945610543,
      0.3657902892641773,
      0.21024278751085568,
      0.3676436755406785,
      0.18480956351782601,
      0.22109047093897838,
      0.22185808903427395,
      0.23155177857135872,
      0.69736048004686,
      0.24385778412923007
    ]
  ],
  "taus_grid": [
    [
      10.613051990655503,
      10.57782518462489,
      10.555496147921652,
      10.576801825559759,
      NaN,
      14.831783826091755,
      10.458320626181644,
      NaN,
      NaN,
      NaN
    ],
    [
      10.571275517313909,
      10.541540475766103,
      10.469000846719288,
      10.346576545038996,
      10.265036069899487,
      10.249531454388183,
      NaN,
      49.99958594909362,
      9.938996047190443,
      NaN
    ],
    [
      10.519956113817896,
      10.48908498495695,
      10.414840068391305,
      10.067851375308932,
      10.099296226688866,
      NaN,
      49.999996454616074,
      49.99999369518199,
      12.338299290564416,
      10.211924735515867
    ],
    [
      10.51578590182525,
      10.453293853470859,
      10.447102402761196,
      10.053102254740423,
      10.057460693046302,
      99.9999999639509,
      49.99991243148683,
      12.389732669741178,
      10.59557789466813,
      10.320838586425749
    ],
    [
      10.380082311782134,
      10.300255080267942,
      9.666334670840081,
      10.017500726589365,
      10.040766352138272,
      10.097280003779671,
      10.10101345891461,
      10.051300861126025,
      99.99216477812918,
      99.99999999912404
    ],
    [
      10.352291488147587,
      10.267406451310615,
      10.363821729403753,
      9.961424723035112,
      10.994994837340291,
      49.99999999994065,
      49.99999999996293,
      49.99999999995548,
      8.965124032216817,
      49.99999995636585
    ]
  ],
  "plateau_t0_idx": [
    0,
    1,
    2,
    3,
    4
  ],
  "plateau_te_idx": [
    1,
    2,
    3
  ],
  "t0_plateau_min": 10.0,
  "t0_plateau_max": 16.666666666666668,
  "te_plateau_min": 34.0,
  "te_plateau_max": 42.0,
  "omega_pct_err": 1.6591157195460855,
  "tau_pct_err": 7.890043394866554,
  "omega_theory": 0.3737,
  "tau_theory": 11.241,
  "omega_dim": 0.36749988455605626,
  "tau_dim": 10.35408022198305,
  "M_used": 1.0
}