{
  "omega": 0.34589767678782013,
  "tau": 10.580489424140103,
  "omega_std": 0.055435375545310125,
  "tau_std": 1.2214554572681904,
  "omega1": 0.314344900481506,
  "tau1": 5.624459854792529,
  "omega1_std": 0.13563562626164694,
  "tau1_std": 2.9254638887540714,
  "t_starts": [
    10.0,
    11.0,
    12.0,
    13.0,
    14.0,
    15.0,
    16.0,
    17.0,
    18.0,
    19.0,
    20.0,
    21.0,
    22.0,
    23.0,
    24.0,
    25.0
  ],
  "omegas": [
    0.3663344945610543,
    0.3658278992900616,
    0.36578367396025857,
    0.3660640484162111,
    0.3683109113299267,
    0.3676436755406785,
    0.36796614589146903,
    0.19925056531290153,
    0.22333778951456618,
    0.2195479049428194,
    0.22185808903427395,
    0.2275435214926101,
    0.23308036632879608,
    0.23710362487171374,
    0.23798071866475073,
    0.24385778412923007
  ],
  "taus": [
    10.352291488147587,
    10.31293399364299,
    10.238693659654173,
    10.152870350718649,
    9.899543403586815,
    9.961424723035112,
    9.942755372578706,
    13.783402401756788,
    49.99999718805125,
    49.99999999999999,
    49.99999999996293,
    49.999998171137015,
    49.99999994134879,
    49.99999999976435,
    99.99999999875553,
    49.99999995636585
  ],
  "omegas1": [
    0.47532694615852966,
    0.45253920047188595,
    0.41775569855286626,
    0.361998944728477,
    0.1677082881377913,
    0.12384832753670104,
    0.14596368934109039,
    0.36961810892470637,
    0.3703872745930484,
    0.3701372646306239,
    0.3702712514932667,
    0.3705924365914696,
    0.37088827205530384,
    0.3710797949195818,
    0.37085041764734994,
    0.37129630520412255
  ],
  "taus1": [
    2.809824538574487,
    2.787583668381043,
    2.769059427860366,
    2.760211831564292,
    8.598877502936672,
    7.287857320262403,
    8.027693879136745,
    9.95457066962423,
    10.113124175880426,
    10.112483372147832,
    10.116227782859525,
    10.13135676492989,
    10.153208151528213,
    10.17388643518837,
    10.20504198138973,
    10.218333222869415
  ],
  "plateau_idx": [
    0,
    1,
    2,
    3,
    4,
    5,
    6,
    7
  ],
  "t0_plateau_min": 10.0,
  "t0_plateau_max": 17.0,
  "omega_pct_err": 7.439743969007184,
  "tau_pct_err": 5.875905843429384,
  "omega_theory": 0.3737,
  "tau_theory": 11.241,
  "omega_dim": 0.34589767678782013,
  "tau_dim": 10.580489424140103,
  "M_used": 1.0
}