{
  "omega": 0.37116135121474414,
  "tau": 10.92264504499285,
  "omega_pct_err": 0.6793280131805827,
  "tau_pct_err": 2.832087492279602,
  "omega_theory": 0.3737,
  "tau_theory": 11.241
}