{
  "omega": 0.37359325998766907,
  "tau": 10.94278077566661,
  "omega_std": 0.00019563463562584339,
  "tau_std": 0.022559956884523554,
  "t_starts": [
    10.0,
    11.0,
    12.0,
    13.0,
    14.0,
    15.0,
    16.0,
    17.0,
    18.0,
    19.0,
    20.0,
    21.0,
    22.0,
    23.0,
    24.0,
    25.0
  ],
  "omegas": [
    0.3717110664946648,
    0.3719240352967661,
    0.3721680060757173,
    0.37281383073080493,
    0.37350252094039305,
    0.37333311366386307,
    0.3733133818238719,
    0.3735429696594727,
    0.37376627772668,
    0.373862802772476,
    0.37380838342662104,
    0.3736166298879747,
    0.37368148836338144,
    0.3732429509300246,
    0.37341121841969255,
    0.37296806271265115
  ],
  "taus": [
    10.67568063224594,
    10.682941863973486,
    10.702311702645273,
    10.769782003181458,
    10.891532402008375,
    10.950558011869063,
    10.953580921637581,
    10.949256422188489,
    10.955555868918767,
    10.965018371440332,
    10.954644295083426,
    10.922099912186834,
    11.088848663227498,
    11.102578444768053,
    11.06207607739378,
    10.891682370079026
  ],
  "omegas1": [
    0.6461957615482028,
    0.6706887892525085,
    0.6806311897412923,
    0.6232926539144068,
    0.540310184815862,
    0.5132287048689866,
    0.5114891531718928,
    0.5079635124183085,
    0.4963487876692079,
    0.4881270971653813,
    0.4952804063070325,
    0.5202688210893455,
    0.4280374683502325,
    0.408931874121386,
    0.4639439160806796,
    0.6427545660193607
  ],
  "taus1": [
    2.500439585979422,
    2.6184752315920568,
    3.0131223770421376,
    4.298474853456639,
    4.773095207934431,
    4.34964617589734,
    4.321134653521444,
    4.681553865788385,
    4.962917135129008,
    5.026622121424933,
    5.052580899843708,
    5.275743955728174,
    4.199979183448514,
    3.455346809289035,
    3.368544009300056,
    7.328439645652207
  ],
  "plateau_idx": [
    4,
    5,
    6,
    7,
    8,
    9,
    10,
    11
  ],
  "t0_plateau_min": 14.0,
  "t0_plateau_max": 21.0,
  "omega_pct_err": 0.02856302176368963,
  "tau_pct_err": 2.6529599175641896,
  "omega_theory": 0.3737,
  "tau_theory": 11.241
}