{
  "omega": 0.3748665101745208,
  "tau": 10.411915013954692,
  "A": 2.4499153934201265,
  "phi": -0.8471309854392627,
  "omega_pct_err": 0.3121515050898572,
  "tau_pct_err": 7.3755447562077,
  "omega_theory": 0.3737,
  "tau_theory": 11.241,
  "t_start_used": 14.0,
  "t_end_used": 50.0,
  "m4_plateau_min": 14.0,
  "m4_plateau_max": 21.0
}