{
  "omega": 0.4829193792013281,
  "tau": 7.837326546503177,
  "K": 6,
  "all_omegas": [
    10.80304281583191,
    0.0005953100589379916,
    -0.07872900877174277,
    -0.0008391244185921535,
    0.37593562438107614,
    0.4829193792013281
  ],
  "all_taus": [
    0.0254712906602754,
    Infinity,
    1.1901920257788459,
    Infinity,
    11.098033962659013,
    7.837326546503177
  ],
  "all_amps": [
    0.0,
    8.033510553035189e-24,
    1.4695472937849848e-39,
    7.361175003231814e-40,
    2.2958874039497803e-41,
    9.183549615799121e-41
  ],
  "omega_pct_err": 29.22648627276643,
  "tau_pct_err": 30.27909842093073,
  "omega_theory": 0.3737,
  "tau_theory": 11.241
}