{
  "omega": 0.3794473492961762,
  "tau": 11.464820050993966,
  "A": 2.01155112774832,
  "phi": -0.9479790226198521,
  "omega_pct_err": 1.5379580669457338,
  "tau_pct_err": 1.9911044479491709,
  "omega_theory": 0.3737,
  "tau_theory": 11.241
}