{
  "omega": 0.37283857694261024,
  "tau": 10.801991178802952,
  "omega_std": 0.0008375877600890503,
  "tau_std": 0.11971580424394104,
  "t_starts": [
    10.0,
    11.666666666666666,
    13.333333333333334,
    15.0,
    16.666666666666668,
    18.333333333333336,
    20.0,
    21.666666666666668,
    23.333333333333336,
    25.0
  ],
  "t_ends": [
    30.0,
    34.0,
    38.0,
    42.0,
    46.0,
    50.0
  ],
  "omegas_grid": [
    [
      0.3707871938127618,
      0.37117943477931853,
      0.37113325271118797,
      0.3715885427194639,
      NaN,
      0.3895418822359114,
      0.3519752587975521,
      NaN,
      NaN,
      NaN
    ],
    [
      0.37134552987300806,
      0.3719616354694034,
      0.3723310327906862,
      0.3726354508200808,
      0.37254971024561995,
      0.37294068045037393,
      NaN,
      0.37237968531032556,
      0.3722628804414276,
      0.7888697963677759
    ],
    [
      0.3714272748984043,
      0.3718111789515733,
      0.3726961793390473,
      0.3725825489196409,
      0.3711190585897722,
      0.3708008895011498,
      0.37068889916084613,
      0.3692856128175057,
      0.0500313207366694,
      0.44594083110688276
    ],
    [
      0.37164328602460306,
      0.37201565169978323,
      0.3729828145693183,
      0.3733248237194608,
      0.3737525877980783,
      0.37872975858905394,
      0.36280265126586797,
      NaN,
      0.36295165675895463,
      0.4913517982008263
    ],
    [
      0.37168614328075916,
      0.3720871123978959,
      0.3734956007105465,
      0.3735834277801335,
      0.3741837148892238,
      0.37579923293920875,
      0.3757038148221084,
      0.5228272406213611,
      0.5226784121325154,
      0.5458582075342697
    ],
    [
      0.3717110664946648,
      0.3720816289459425,
      0.3732337776185297,
      0.37333311366386307,
      0.3734639045463515,
      0.3738226162726962,
      0.37380838342662104,
      0.37388620392903776,
      0.3733118301659626,
      0.37296806271265115
    ]
  ],
  "taus_grid": [
    [
      10.56684768503466,
      10.549943878414703,
      10.54788082071099,
      10.604999669217351,
      NaN,
      14.696269074392255,
      49.84698959615121,
      NaN,
      NaN,
      NaN
    ],
    [
      10.58668689877964,
      10.563390067437073,
      10.606745419719621,
      10.7106736385331,
      10.770695368167035,
      10.69982431334143,
      NaN,
      10.702734344138344,
      10.730081317123451,
      49.999995032019214
    ],
    [
      10.627644746940634,
      10.6402783097596,
      10.72278054406095,
      10.94516300434909,
      10.963496894906672,
      10.933853532412861,
      10.93340205638177,
      10.895527290553964,
      49.999480028955475,
      10.849765297008789
    ],
    [
      10.636186102849017,
      10.651997757067784,
      10.75811314887549,
      10.927608607768176,
      10.915288545293707,
      10.662773949194861,
      16.70927929353479,
      NaN,
      35.17998317100685,
      99.99999974332046
    ],
    [
      10.675070330707603,
      10.692444984163094,
      10.821761241874146,
      10.952398042589747,
      10.909469987150478,
      10.788453297722524,
      10.76620676125246,
      15.038248674653902,
      49.9994056585779,
      33.818061892335486
    ],
    [
      10.67568063224594,
      10.694308101861958,
      10.81915035639807,
      10.950558011869063,
      10.949831831329977,
      10.960174714806984,
      10.954644295083426,
      10.994196097390198,
      11.089709144773277,
      10.891682370079026
    ]
  ],
  "plateau_t0_idx": [
    0,
    1,
    2,
    3,
    4
  ],
  "plateau_te_idx": [
    3,
    4,
    5
  ],
  "t0_plateau_min": 10.0,
  "t0_plateau_max": 16.666666666666668,
  "te_plateau_min": 42.0,
  "te_plateau_max": 50.0,
  "omega_pct_err": 0.23051192330471823,
  "tau_pct_err": 3.905424972840918,
  "omega_theory": 0.3737,
  "tau_theory": 11.241
}