{
  "steps": [
    10001,
    10002,
    10003,
    10004,
    10005,
    10006,
    10007,
    10008,
    10009,
    10010,
    10011,
    10012,
    10013,
    10014,
    10015,
    10016,
    10017,
    10018,
    10019,
    10020,
    10021,
    10022,
    10023,
    10024,
    10025,
    10026,
    10027,
    10028,
    10029,
    10030,
    10031,
    10032,
    10033,
    10034,
    10035,
    10036,
    10037,
    10038,
    10039,
    10040,
    10041,
    10042,
    10043,
    10044,
    10045,
    10046,
    10047,
    10048,
    10049,
    10050,
    10051,
    10052,
    10053,
    10054,
    10055,
    10056,
    10057,
    10058,
    10059,
    10060,
    10061,
    10062,
    10063,
    10064,
    10065,
    10066
  ],
  "loss": [
    5.822450592548636e-05,
    5.6149526851636476e-05,
    5.347212367492045e-05,
    4.8639735072591134e-05,
    4.8639735072591134e-05,
    4.5785958024333126e-05,
    4.482883056114821e-05,
    4.482883056114821e-05,
    4.1442900972942324e-05,
    4.1442900972942324e-05,
    4.1442900972942324e-05,
    3.181810580335458e-05,
    2.982367111904716e-05,
    2.982367111904716e-05,
    2.591190748557299e-05,
    2.591190748557299e-05,
    2.591190748557299e-05,
    2.4100572609640896e-05,
    2.334345533219765e-05,
    2.334345533219765e-05,
    2.334345533219765e-05,
    2.177501125894931e-05,
    2.0352729394239158e-05,
    2.0352729394239158e-05,
    1.904384137407891e-05,
    1.904384137407891e-05,
    1.904384137407891e-05,
    1.8483345456228093e-05,
    1.7495620702892612e-05,
    1.7495620702892612e-05,
    1.6377896646797256e-05,
    1.6377896646797256e-05,
    1.5787514433813507e-05,
    1.5787514433813507e-05,
    1.5787514433813507e-05,
    1.5072897578989506e-05,
    1.45947715374422e-05,
    1.45947715374422e-05,
    1.3987385296293766e-05,
    1.3987385296293766e-05,
    1.3987385296293766e-05,
    1.3375103735610457e-05,
    1.2773330431716158e-05,
    1.2773330431716158e-05,
    1.2095340795092747e-05,
    1.2095340795092747e-05,
    1.1994351211784865e-05,
    1.1994351211784865e-05,
    1.117783938052375e-05,
    1.117783938052375e-05,
    1.117783938052375e-05,
    1.117783938052375e-05,
    1.117783938052375e-05,
    1.117783938052375e-05,
    1.117783938052375e-05,
    1.117783938052375e-05,
    1.117783938052375e-05,
    1.117783938052375e-05,
    1.117783938052375e-05,
    1.117783938052375e-05,
    1.117783938052375e-05,
    1.117783938052375e-05,
    1.117783938052375e-05,
    1.117783938052375e-05,
    1.117783938052375e-05,
    1.117783938052375e-05
  ],
  "mu": [
    0.1,
    0.01,
    0.001,
    0.0001,
    0.001,
    0.0001,
    1e-05,
    0.0001,
    1e-05,
    0.0001,
    0.001,
    0.0001,
    1e-05,
    0.0001,
    1e-05,
    0.0001,
    0.001,
    0.0001,
    1e-05,
    0.0001,
    0.001,
    0.0001,
    1e-05,
    0.0001,
    1e-05,
    0.0001,
    0.001,
    0.0001,
    1e-05,
    0.0001,
    1e-05,
    0.0001,
    1e-05,
    0.0001,
    0.001,
    0.0001,
    1e-05,
    0.0001,
    1e-05,
    0.0001,
    0.001,
    0.0001,
    1e-05,
    0.0001,
    1e-05,
    0.0001,
    1e-05,
    0.0001,
    1e-05,
    0.0001,
    0.001,
    0.01,
    0.1,
    1.0,
    10.0,
    100.0,
    1000.0,
    10000.0,
    100000.0,
    1000000.0,
    10000000.0,
    100000000.0,
    1000000000.0,
    10000000000.0,
    100000000000.0,
    1000000000000.0
  ],
  "accepted": [
    true,
    true,
    true,
    true,
    false,
    true,
    true,
    false,
    true,
    false,
    false,
    true,
    true,
    false,
    true,
    false,
    false,
    true,
    true,
    false,
    false,
    true,
    true,
    false,
    true,
    false,
    false,
    true,
    true,
    false,
    true,
    false,
    true,
    false,
    false,
    true,
    true,
    false,
    true,
    false,
    false,
    true,
    true,
    false,
    true,
    false,
    true,
    false,
    true,
    false,
    false,
    false,
    false,
    false,
    false,
    false,
    false,
    false,
    false,
    false,
    false,
    false,
    false,
    false,
    false,
    false
  ],
  "phase": [
    "lm",
    "lm",
    "lm",
    "lm",
    "lm",
    "lm",
    "lm",
    "lm",
    "lm",
    "lm",
    "lm",
    "lm",
    "lm",
    "lm",
    "lm",
    "lm",
    "lm",
    "lm",
    "lm",
    "lm",
    "lm",
    "lm",
    "lm",
    "lm",
    "lm",
    "lm",
    "lm",
    "lm",
    "lm",
    "lm",
    "lm",
    "lm",
    "lm",
    "lm",
    "lm",
    "lm",
    "lm",
    "lm",
    "lm",
    "lm",
    "lm",
    "lm",
    "lm",
    "lm",
    "lm",
    "lm",
    "lm",
    "lm",
    "lm",
    "lm",
    "lm",
    "lm",
    "lm",
    "lm",
    "lm",
    "lm",
    "lm",
    "lm",
    "lm",
    "lm",
    "lm",
    "lm",
    "lm",
    "lm",
    "lm",
    "lm"
  ]
}