{
  "RMSD": 0.0273051874246433,
  "MAD": 0.014879596780999118,
  "RL2": 0.19366007976376026
}