{
  "omega": 0.37931831399387866,
  "tau": 11.453769457312246,
  "A": 2.013518130679341,
  "phi": -0.9462545992612118,
  "omega_pct_err": 1.503428952068153,
  "tau_pct_err": 1.8927983036406593,
  "omega_theory": 0.3737,
  "tau_theory": 11.241
}