{
  "omega": 0.3709301710257726,
  "tau": 10.830338334144551,
  "omega_pct_err": 0.7411905202642214,
  "tau_pct_err": 3.6532485175291196,
  "omega_theory": 0.3737,
  "tau_theory": 11.241
}