{
  "canonical": {
    "M": 1.0,
    "x0": 4.0,
    "sigma": 5.0
  },
  "window": [
    10.0,
    50.0
  ],
  "field": {
    "rmsd_hybrid": 0.0006279567387566465,
    "rmsd_baseline": 0.006948790246296115,
    "rl2_hybrid": 0.004453738047080685,
    "rl2_baseline": 0.049283795508571746
  },
  "xq2": {
    "x_actual": 2.0,
    "hybrid": {
      "M1": {
        "omega_dim": 0.37414830579312275,
        "tau_dim": 11.192131290469142,
        "omega_pct_err": 0.11996408700100933,
        "tau_pct_err": 0.43473631821775427
      },
      "M2": {
        "omega_dim": 0.3722878113840809,
        "tau_dim": 11.228355341221548,
        "omega_pct_err": 0.3778936622743041,
        "tau_pct_err": 0.11248695648476213
      },
      "M3": {
        "omega_dim": 0.37589980865257533,
        "tau_dim": 11.46583392267727,
        "omega_pct_err": 0.5886563159152669,
        "tau_pct_err": 2.0001238562162618
      },
      "M4": {
        "omega_dim": 0.37371140041075507,
        "tau_dim": 11.160286066506274,
        "omega_pct_err": 0.0030506852435352827,
        "tau_pct_err": 0.7180316119004193
      },
      "M5": {
        "omega_dim": 0.3736570710602094,
        "tau_dim": 11.155370583178266,
        "omega_pct_err": 0.011487540752094282,
        "tau_pct_err": 0.7617597795724005
      }
    },
    "baseline": {
      "M1": {
        "omega_dim": 0.3740938412681776,
        "tau_dim": 11.19729157829493,
        "omega_pct_err": 0.105389689102916,
        "tau_pct_err": 0.388830368339735
      },
      "M2": {
        "omega_dim": 0.3723717322325434,
        "tau_dim": 11.229858172969923,
        "omega_pct_err": 0.3554369193086948,
        "tau_pct_err": 0.09911775669492673
      },
      "M3": {
        "omega_dim": 0.37580114570293405,
        "tau_dim": 11.45904075167366,
        "omega_pct_err": 0.562254670306147,
        "tau_pct_err": 1.939691768291615
      },
      "M4": {
        "omega_dim": 0.3738846851289686,
        "tau_dim": 11.229244016668266,
        "omega_pct_err": 0.049420692793318524,
        "tau_pct_err": 0.10458129465112831
      },
      "M5": {
        "omega_dim": 0.37387898833909256,
        "tau_dim": 11.229579931315241,
        "omega_pct_err": 0.0478962641403742,
        "tau_pct_err": 0.10159299603912939
      }
    },
    "fine": {
      "M1": {
        "omega_dim": 0.3739279463303609,
        "tau_dim": 11.208740458438108,
        "omega_pct_err": 0.06099714486511633,
        "tau_pct_err": 0.2869810654024734
      },
      "M2": {
        "omega_dim": 0.3722287544279498,
        "tau_dim": 11.245762371943139,
        "omega_pct_err": 0.3936969687048956,
        "tau_pct_err": 0.042366087920459816
      },
      "M3": {
        "omega_dim": 0.3756649011714884,
        "tau_dim": 11.475951820195156,
        "omega_pct_err": 0.5257964066064753,
        "tau_pct_err": 2.0901327301410624
      },
      "M4": {
        "omega_dim": 0.3737085424869944,
        "tau_dim": 11.24822689626568,
        "omega_pct_err": 0.00228592105818706,
        "tau_pct_err": 0.06429051032541258
      },
      "M5": {
        "omega_dim": 0.3737027109296923,
        "tau_dim": 11.248576423194573,
        "omega_pct_err": 0.0007254294065667627,
        "tau_pct_err": 0.0673999038748596
      }
    }
  },
  "xq5": {
    "x_actual": 5.0,
    "hybrid": {
      "M1": {
        "omega_dim": 0.37288441723984583,
        "tau_dim": 11.04652294253079,
        "omega_pct_err": 0.21824531981646864,
        "tau_pct_err": 1.7300690104902496
      },
      "M2": {
        "omega_dim": 0.37421452571504066,
        "tau_dim": 10.599850196964718,
        "omega_pct_err": 0.13768416244064255,
        "tau_pct_err": 5.703672298152134
      },
      "M3": {
        "omega_dim": 0.3776468386484417,
        "tau_dim": 11.108739427293015,
        "omega_pct_err": 1.0561516319084019,
        "tau_pct_err": 1.1765908078194516
      },
      "M4": {
        "omega_dim": 0.37416647182885737,
        "tau_dim": 11.105971051433821,
        "omega_pct_err": 0.12482521510767874,
        "tau_pct_err": 1.2012182952244341
      },
      "M5": {
        "omega_dim": 0.3741301494827981,
        "tau_dim": 11.097537214288131,
        "omega_pct_err": 0.11510556135887762,
        "tau_pct_err": 1.276245758490067
      }
    },
    "baseline": {
      "M1": {
        "omega_dim": 0.37288368143823797,
        "tau_dim": 11.06513711529643,
        "omega_pct_err": 0.218442216152531,
        "tau_pct_err": 1.5644772235883773
      },
      "M2": {
        "omega_dim": 0.3743822584166744,
        "tau_dim": 10.567693423179627,
        "omega_pct_err": 0.18256848185025645,
        "tau_pct_err": 5.989739140827089
      },
      "M3": {
        "omega_dim": 0.3775216397700389,
        "tau_dim": 11.097530992738188,
        "omega_pct_err": 1.0226491223010195,
        "tau_pct_err": 1.276301105433788
      },
      "M4": {
        "omega_dim": 0.3741482708664485,
        "tau_dim": 11.098891468866436,
        "omega_pct_err": 0.11995474082111238,
        "tau_pct_err": 1.2641983020511
      },
      "M5": {
        "omega_dim": 0.3740758659232437,
        "tau_dim": 11.082310472516467,
        "omega_pct_err": 0.10057958877274135,
        "tau_pct_err": 1.4117029399833927
      }
    },
    "fine": {
      "M1": {
        "omega_dim": 0.37275986190140636,
        "tau_dim": 11.055076104314292,
        "omega_pct_err": 0.251575621780469,
        "tau_pct_err": 1.6539800345672775
      },
      "M2": {
        "omega_dim": 0.3742273198139178,
        "tau_dim": 10.600624164882836,
        "omega_pct_err": 0.14110779071925292,
        "tau_pct_err": 5.696787075146015
      },
      "M3": {
        "omega_dim": 0.37752533613868494,
        "tau_dim": 11.114663836636192,
        "omega_pct_err": 1.0236382495812055,
        "tau_pct_err": 1.1238872285722628
      },
      "M4": {
        "omega_dim": 0.37401866448734244,
        "tau_dim": 11.118412821635781,
        "omega_pct_err": 0.08527280902929307,
        "tau_pct_err": 1.0905362366712812
      },
      "M5": {
        "omega_dim": 0.37394874870603556,
        "tau_dim": 11.102045375709942,
        "omega_pct_err": 0.06656374258377955,
        "tau_pct_err": 1.2361411288146775
      }
    }
  },
  "xq10": {
    "x_actual": 10.0,
    "hybrid": {
      "M1": {
        "omega_dim": 0.37155021441911645,
        "tau_dim": 10.893520782649535,
        "omega_pct_err": 0.5752704257114057,
        "tau_pct_err": 3.0911770959030744
      },
      "M2": {
        "omega_dim": 0.3796776820794859,
        "tau_dim": 11.46096387871045,
        "omega_pct_err": 1.59959381308159,
        "tau_pct_err": 1.9567999173601112
      },
      "M3": {
        "omega_dim": 0.3774551538495375,
        "tau_dim": 10.436588963076286,
        "omega_pct_err": 1.0048578671494535,
        "tau_pct_err": 7.156045164342263
      },
      "M4": {
        "omega_dim": 0.37421940798053854,
        "tau_dim": 10.914608932141794,
        "omega_pct_err": 0.13899062899078582,
        "tau_pct_err": 2.9035767979557456
      },
      "M5": {
        "omega_dim": 0.37249630342475615,
        "tau_dim": 10.641711741842958,
        "omega_pct_err": 0.3221023749648994,
        "tau_pct_err": 5.33127175657897
      }
    },
    "baseline": {
      "M1": {
        "omega_dim": 0.37179505570909627,
        "tau_dim": 10.913847087296066,
        "omega_pct_err": 0.5097522854973802,
        "tau_pct_err": 2.910354174040865
      },
      "M2": {
        "omega_dim": 0.38055924720318984,
        "tau_dim": 11.449221645085052,
        "omega_pct_err": 1.8354956390660604,
        "tau_pct_err": 1.8523409401748248
      },
      "M3": {
        "omega_dim": 0.3779717589475507,
        "tau_dim": 10.354078408491755,
        "omega_pct_err": 1.143098460677206,
        "tau_pct_err": 7.890059527695438
      },
      "M4": {
        "omega_dim": 0.3745717347544852,
        "tau_dim": 10.906751248815716,
        "omega_pct_err": 0.23327127494921313,