{
  "n_eval": 100,
  "xq": 10.0,
  "window": [
    10.0,
    50.0
  ],
  "protocol": "Algorithm-1 grids (M4 16 starts w=8 t0[10,25]; M5 10x6 t0[10,25] te[30,50])",
  "medians": {
    "hyb_M1_omega_pct_err": 1.2981888785994293,
    "hyb_M1_tau_pct_err": 4.3143615153921875,
    "hyb_M2_omega_pct_err": 2.279329426787948,
    "hyb_M2_tau_pct_err": 10.66678369719037,
    "hyb_M3_omega_pct_err": 1.535978855117766,
    "hyb_M3_tau_pct_err": 8.130604927734144,
    "hyb_M4_omega_pct_err": 0.22961683958976953,
    "hyb_M4_tau_pct_err": 1.7618440294769466,
    "hyb_M5_omega_pct_err": 0.3031643298550776,
    "hyb_M5_tau_pct_err": 2.450260331932141,
    "hyb_ORACLE_omega_pct_err": 0.17168059932410032,
    "hyb_ORACLE_tau_pct_err": 1.0048856174082053,
    "base_M1_omega_pct_err": 1.3242500483439614,
    "base_M1_tau_pct_err": 4.440705499852578,
    "base_M2_omega_pct_err": 2.3305017742275984,
    "base_M2_tau_pct_err": 10.967769214887905,
    "base_M3_omega_pct_err": 1.529587937489437,
    "base_M3_tau_pct_err": 8.542416670764535,
    "base_M4_omega_pct_err": 0.17171907993764624,
    "base_M4_tau_pct_err": 1.0262948838470285,
    "base_M5_omega_pct_err": 0.2306878886002001,
    "base_M5_tau_pct_err": 2.127652254603389,
    "base_ORACLE_omega_pct_err": 0.14284560154592266,
    "base_ORACLE_tau_pct_err": 0.6605713221226706,
    "fine_M1_omega_pct_err": 1.2909405667525333,
    "fine_M1_tau_pct_err": 4.254611211567736,
    "fine_M2_omega_pct_err": 2.261087658669078,
    "fine_M2_tau_pct_err": 10.647443395475527,
    "fine_M3_omega_pct_err": 1.499952537519168,
    "fine_M3_tau_pct_err": 8.048570746874129,
    "fine_M4_omega_pct_err": 0.15660255870491757,
    "fine_M4_tau_pct_err": 1.2010286483723387,
    "fine_M5_omega_pct_err": 0.21202267571641645,
    "fine_M5_tau_pct_err": 2.013592757958397,
    "fine_ORACLE_omega_pct_err": 0.13434945523137742,
    "fine_ORACLE_tau_pct_err": 0.6852325069004402
  }
}