{
  "RMSD": 0.004122934716957024,
  "MAD": 0.0030392430989385926,
  "RL2": 0.029241618221820503,
  "M_true": 1.0,
  "M_init": 0.8,
  "M_learned": 0.9955042369055942,
  "M_err_pct": 0.44957630944058025,
  "omega_true": 0.3737,
  "omega_init": 0.3,
  "omega_learned": 0.37038131906825095,
  "omega_err_pct": 0.8880601904600027,
  "tau_true": 11.241,
  "tau_init": 8.0,
  "tau_learned": 10.097266456871855,
  "tau_err_pct": 10.174660111450445,
  "A_ring_learned": 2.592241409183322,
  "phi0_learned": -0.724210894803921,
  "noise_level": 0.01
}