{
  "RMSD": 0.001647008099912068,
  "MAD": 0.0010844178881794753,
  "RL2": 0.011681286600972562
}