{
  "RMSD": 0.0010769952341088938,
  "MAD": 0.0006804095198722117,
  "RL2": 0.007642112870358325
}