{
  "RMSD": 0.0008447916079803978,
  "MAD": 0.0004705832516193272,
  "RL2": 0.005991623776132215
}