{
  "RMSD": 0.0005158736240760966,
  "MAD": 0.0002603423502201554,
  "RL2": 0.0036570039534807573
}