{
  "RMSD": 0.0008504513675834689,
  "MAD": 0.0005218592144302852,
  "RL2": 0.006031765214428485
}