{
  "omega": 0.3703689656300781,
  "tau": 10.782329756194022,
  "omega_pct_err": 0.8913659004340064,
  "tau_pct_err": 4.0803331003111625,
  "omega_theory": 0.3737,
  "tau_theory": 11.241
}