{
  "omega": 0.3789906249655691,
  "tau": 11.443715428624472,
  "A": 2.015167777574386,
  "phi": -0.9408846462497437,
  "omega_pct_err": 1.4157412270722896,
  "tau_pct_err": 1.8033576071921746,
  "omega_theory": 0.3737,
  "tau_theory": 11.241
}