{
  "RMSD": 0.0050309752808897126,
  "MAD": 0.00351333963010295,
  "RL2": 0.03568183067321815,
  "M_true": 1.0,
  "M_init": 0.8,
  "M_learned": 1.0033580135921116,
  "M_err_pct": 0.33580135921116305,
  "omega_true": 0.3737,
  "omega_init": 0.3,
  "omega_learned": 0.382189896519775,
  "omega_err_pct": 2.271848145511105,
  "tau_true": 11.241,
  "tau_init": 8.0,
  "tau_learned": 11.838665047136635,
  "tau_err_pct": 5.31683166209977,
  "A_ring_learned": 1.924742325676314,
  "phi0_learned": -0.9879043731258587,
  "noise_level": 0.01
}