{
  "omega": 0.26267900437324443,
  "tau": 12.32238048841799,
  "omega_pct_err": 29.708588607641307,
  "tau_pct_err": 9.619966981745307,
  "omega_theory": 0.3737,
  "tau_theory": 11.241
}