{
  "omega": 0.288584096690071,
  "tau": 13.220761403983168,
  "A": -2.502331115587766,
  "phi": -5.176186971798594,
  "omega_pct_err": 22.77653286324029,
  "tau_pct_err": 17.61196872149425,
  "omega_theory": 0.3737,
  "tau_theory": 11.241
}