{
  "omega": 0.3683221691166763,
  "tau": 9.785261999922794,
  "omega_pct_err": 1.4390770359442506,
  "tau_pct_err": 12.950253536849088,
  "omega_theory": 0.3737,
  "tau_theory": 11.241
}