{
  "omega": 0.3624536166782821,
  "tau": 9.134481885175356,
  "omega_std": 0.013724698555663196,
  "tau_std": 0.37519920027208137,
  "t_starts": [
    10.0,
    11.666666666666666,
    13.333333333333334,
    15.0,
    16.666666666666668,
    18.333333333333336,
    20.0,
    21.666666666666668,
    23.333333333333336,
    25.0
  ],
  "t_ends": [
    30.0,
    34.0,
    38.0,
    42.0,
    46.0,
    50.0
  ],
  "omegas_grid": [
    [
      0.365743155582274,
      0.36778337925400173,
      0.3702389312885908,
      0.36902850464107606,
      0.3243329940443914,
      0.39358113936785966,
      0.373222171959201,
      0.33856005566307035,
      NaN,
      NaN
    ],
    [
      0.36643816397788964,
      0.36787761517444634,
      0.36808419044397045,
      0.37010059914586174,
      0.3710732166530155,
      0.3686724905762121,
      NaN,
      0.7721125318712281,
      0.3733914861785045,
      0.8006655988847474
    ],
    [
      0.3665525358317004,
      0.36763155790519525,
      0.3679226946559492,
      0.2913548846073028,
      0.28134842030526,
      NaN,
      0.3701259719596274,
      0.3167965324836472,
      0.34898375982456975,
      0.3611638223856427
    ],
    [
      0.3665733460545267,
      0.36732009702097973,
      0.3675249341479775,
      0.36812846520407294,
      0.3680699080649896,
      0.36791254216288405,
      0.36868052890268976,
      0.23694598394443694,
      0.3655733456335489,
      0.3651543154346965
    ],
    [
      0.3664998409909904,
      0.36708662974811235,
      0.3671689219951669,
      0.3704819624953111,
      0.31358708723560696,
      0.37195160886326345,
      0.33574051860529475,
      0.34788209888977095,
      0.3966997987036628,
      0.37352842128028985
    ],
    [
      0.36640534271082065,
      0.36681884966538464,
      0.3659145266988503,
      0.36429794323761855,
      0.35092639490382344,
      0.35499987944292516,
      0.35749895272264715,
      0.36112410316899546,
      0.3635628525063598,
      NaN
    ]
  ],
  "taus_grid": [
    [
      9.542095358351515,
      9.539815787303151,
      9.658154955202628,
      9.363563363221596,
      46.76778717601068,
      14.585552837670745,
      9.845094690294529,
      8.552458062607675,
      NaN,
      NaN
    ],
    [
      9.510701846724329,
      9.497674478098983,
      9.457016719456883,
      9.277188158927604,
      9.220586086251544,
      9.28497779784684,
      NaN,
      49.99999998891175,
      8.913005945771165,
      49.99874556433254
    ],
    [
      9.47287360250077,
      9.435101571498151,
      9.413956582255224,
      9.065285269512572,
      14.668657325648002,
      NaN,
      9.042331345212455,
      49.998722632823096,
      9.71833668467935,
      9.265814486966459
    ],
    [
      9.457482094362817,
      9.406088122536612,
      9.39282944283512,
      8.816476070233865,
      8.570448502547354,
      8.861482398234456,
      9.173864836972617,
      24.826851593453306,
      9.026912532987001,
      9.35616072564308
    ],
    [
      9.395105643107579,
      9.314595328053642,
      9.305713083659715,
      8.770245654085857,
      8.722470813556514,
      8.54959680546635,
      13.514619020809468,
      49.999999999304926,
      49.99995477352016,
      49.99999999999835
    ],
    [
      9.41206954813188,
      9.339772863700867,
      9.349904068827934,
      8.281047938859695,
      9.48297910313089,
      9.784356286059747,
      10.222723056424135,
      10.252045740904009,
      9.606793122986538,
      NaN
    ]
  ],
  "plateau_t0_idx": [
    0,
    1,
    2,
    3,
    4
  ],
  "plateau_te_idx": [
    3,
    4,
    5
  ],
  "t0_plateau_min": 10.0,
  "t0_plateau_max": 16.666666666666668,
  "te_plateau_min": 42.0,
  "te_plateau_max": 50.0,
  "omega_pct_err": 3.009468376162136,
  "tau_pct_err": 18.739597142822202,
  "omega_theory": 0.3737,
  "tau_theory": 11.241
}