{
  "omega": 0.36386787457271297,
  "tau": 9.110400618211271,
  "omega_std": 0.004116395835531837,
  "tau_std": 0.5581020254519805,
  "t_starts": [
    10.0,
    11.0,
    12.0,
    13.0,
    14.0,
    15.0,
    16.0,
    17.0,
    18.0,
    19.0,
    20.0,
    21.0,
    22.0,
    23.0,
    24.0,
    25.0
  ],
  "omegas": [
    0.36640534271082065,
    0.36645114677258195,
    0.36677476142543325,
    0.3663311973670033,
    0.36237657015034885,
    0.36429794323761855,
    0.3646783692161324,
    0.35362766570176474,
    0.35581504571877026,
    0.3545559834166079,
    0.35749895272264715,
    0.3604444506919725,
    0.36185622897497766,
    0.33735422615858385,
    0.36374522192888775,
    NaN
  ],
  "taus": [
    9.41206954813188,
    9.345474922169135,
    9.340885950201532,
    9.347808978172203,
    9.357118005115472,
    8.281047938859695,
    8.063237540900522,
    9.735562062139726,
    9.868325406214543,
    9.709413004461911,
    10.222723056424135,
    10.598509583869456,
    10.048574720336353,
    11.933712406727567,
    9.5528101579592,
    NaN
  ],
  "omegas1": [
    0.4398123731349075,
    0.4074923565473313,
    0.39948135491536757,
    0.4127525013364384,
    0.4042940094142134,
    0.3371831612579997,
    0.3413161399022444,
    0.39586292207111556,
    0.4034093416160462,
    0.39802402931968234,
    0.4054622624443884,
    0.40289249834603724,
    0.425689523504088,
    0.4579975332329327,
    0.5221554288911024,
    NaN
  ],
  "taus1": [
    2.90350847698062,
    2.8853526512780006,
    2.8602954507869636,
    3.113245349938825,
    5.060022599378487,
    7.514324912425336,
    7.875431428479125,
    7.430184196628447,
    7.550345513974053,
    7.308192450460018,
    8.351393216393305,
    9.294697287672458,
    8.931511652903367,
    8.949213000925903,
    8.063758063084894,
    NaN
  ],
  "plateau_idx": [
    0,
    1,
    2,
    3,
    4,
    5,
    6,
    7
  ],
  "t0_plateau_min": 10.0,
  "t0_plateau_max": 17.0,
  "omega_pct_err": 2.6310209866970857,
  "tau_pct_err": 18.953824230840038,
  "omega_theory": 0.3737,
  "tau_theory": 11.241
}