{
  "omega": 0.37773751614180584,
  "tau": 11.09514925219798,
  "A": 2.0805068114830836,
  "phi": -0.920658101533845,
  "omega_pct_err": 1.080416414719257,
  "tau_pct_err": 1.297489082839772,
  "omega_theory": 0.3737,
  "tau_theory": 11.241
}