{
  "RMSD": 0.004986761224928041,
  "MAD": 0.003358390155874381,
  "RL2": 0.03536824565836164,
  "M_true": 1.0,
  "M_init": 0.8,
  "M_learned": 1.0040659456821028,
  "M_err_pct": 0.4065945682102834,
  "omega_true": 0.3737,
  "omega_init": 0.3,
  "omega_learned": 0.3820498899674755,
  "omega_err_pct": 2.2343831863729045,
  "tau_true": 11.241,
  "tau_init": 8.0,
  "tau_learned": 11.88935404841552,
  "tau_err_pct": 5.7677613060717015,
  "A_ring_learned": 1.9163212948086947,
  "phi0_learned": -0.9874302020281462,
  "noise_level": 0.01
}