{
  "omega": 0.3703638004015028,
  "tau": 10.318266803120082,
  "omega_std": 0.00022950859154004705,
  "tau_std": 0.02207362023917662,
  "t_starts": [
    10.0,
    11.0,
    12.0,
    13.0,
    14.0,
    15.0,
    16.0,
    17.0,
    18.0,
    19.0,
    20.0,
    21.0,
    22.0,
    23.0,
    24.0,
    25.0
  ],
  "omegas": [
    0.37005171187501645,
    0.3700700231082562,
    0.37021369870383747,
    0.3703310153461344,
    0.37037497683347237,
    0.3705402733650318,
    0.37063153668511617,
    0.37069716729515745,
    0.6807364493306318,
    0.6847089405162374,
    0.6834957262442942,
    0.686358071162867,
    0.6859151038676635,
    0.6778189629655909,
    0.434135581434483,
    0.4761774233939023
  ],
  "taus": [
    10.296835601194761,
    10.300355252115962,
    10.330002471505749,
    10.356903188377071,
    10.342747185178379,
    10.323482978640428,
    10.301875402055499,
    10.29393234589281,
    16.10976631235109,
    18.776171738877537,
    19.451014526461538,
    29.832826885408927,
    44.19120203538236,
    49.99999999999941,
    49.99999999991642,
    37.88156828552235
  ],
  "omegas1": [
    0.5369934003551978,
    0.5394011398441987,
    0.5546679113447518,
    0.5591066920788577,
    0.5792957290853432,
    0.6491557543165299,
    0.7256156041892395,
    0.7486012810508722,
    0.3710538575893272,
    0.3707748443429933,
    0.3707588853505891,
    0.37064207711079433,
    0.37053550107629074,
    0.37045200861534355,
    0.36454195399864076,
    0.3644593846923501
  ],
  "taus1": [
    2.7741661942753497,
    2.7896078908487487,
    2.9705011202037874,
    3.193545587951947,
    3.0627964949646507,
    3.030106124326564,
    3.3074883458859485,
    3.8999282182693737,
    10.232742818135437,
    10.191025626329932,
    10.19042391872642,
    10.21046750659266,
    10.223840884594042,
    10.224274985016018,
    10.510296720628595,
    10.25794126750481
  ],
  "plateau_idx": [
    0,
    1,
    2,
    3,
    4,
    5,
    6,
    7
  ],
  "t0_plateau_min": 10.0,
  "t0_plateau_max": 17.0,
  "omega_pct_err": 0.892748086298416,
  "tau_pct_err": 8.208639772973203,
  "omega_theory": 0.3737,
  "tau_theory": 11.241
}