{
  "omega": 0.37995042684384833,
  "tau": 11.289339788961335,
  "A": 2.0485686966520245,
  "phi": -0.9560554548616607,
  "omega_pct_err": 1.6725787647440076,
  "tau_pct_err": 0.4300310378199068,
  "omega_theory": 0.3737,
  "tau_theory": 11.241
}