{
  "omega": 0.3704984025165831,
  "tau": 10.442472220399903,
  "omega_pct_err": 0.8567293239006858,
  "tau_pct_err": 7.10370767369537,
  "omega_theory": 0.3737,
  "tau_theory": 11.241
}