{
  "omega": 0.3703461845409575,
  "tau": 10.360631830100024,
  "omega_std": 0.00037591911466936846,
  "tau_std": 0.0666806465185523,
  "t_starts": [
    10.0,
    11.666666666666666,
    13.333333333333334,
    15.0,
    16.666666666666668,
    18.333333333333336,
    20.0,
    21.666666666666668,
    23.333333333333336,
    25.0
  ],
  "t_ends": [
    30.0,
    34.0,
    38.0,
    42.0,
    46.0,
    50.0
  ],
  "omegas_grid": [
    [
      0.3684225293807297,
      0.3650977403033857,
      0.37295031855082084,
      0.3749310016203108,
      NaN,
      0.5900877458761274,
      0.3688038228644635,
      0.7988167412317988,
      NaN,
      NaN
    ],
    [
      0.36921843709039676,
      0.3691823916277292,
      0.3708079374993728,
      0.37065803840291883,
      0.37030361872863915,
      0.3684651472840528,
      NaN,
      0.6035686161579571,
      0.36813720719063997,
      0.3638124742651606
    ],
    [
      0.36939268439584094,
      0.3697045274827426,
      0.3706352575039314,
      0.37073975490555244,
      0.3707734058046537,
      NaN,
      0.5172472875942433,
      0.4999853634185649,
      0.586462640904952,
      0.5677714511066033
    ],
    [
      0.369819084678959,
      0.37013598709694795,
      0.370942561390128,
      0.3709077468342486,
      0.370902310123856,
      0.3709881049114715,
      0.37134888056193704,
      NaN,
      NaN,
      0.6917624182554984
    ],
    [
      0.369820702639377,
      0.36992391065507213,
      0.37009459848726195,
      0.3703637219031657,
      0.3705322004741446,
      0.6857010570091859,
      0.6882351040371455,
      0.6901121887162684,
      0.6932496991147975,
      0.5304065171073913
    ],
    [
      0.37005171187501645,
      0.3701577460342607,
      0.3703305653191609,
      0.3705402733650318,
      0.3706696472377313,
      0.6844110929366543,
      0.6834957262442942,
      0.6866929859737869,
      NaN,
      0.4761774233939023
    ]
  ],
  "taus_grid": [
    [
      10.239783846465553,
      9.821762242729024,
      10.628032790544834,
      10.55837373416435,
      NaN,
      38.152136666407756,
      10.008202164008246,
      38.5700457695513,
      NaN,
      NaN
    ],
    [
      10.270969186671286,
      10.284216907215278,
      10.625807123709087,
      10.532999978846794,
      10.30523973874787,
      10.618391892039764,
      NaN,
      49.99999538634419,
      10.683402360570904,
      10.76128218979077
    ],
    [
      10.350101851930601,
      10.40591958985757,
      10.569645728650753,
      10.51106099599821,
      10.47597950068871,
      NaN,
      49.9999905349223,
      99.99999994444221,
      81.33158575630875,
      99.96075555974042
    ],
    [
      10.346027859982998,
      10.402163245424708,
      10.530277650796132,
      10.470781924558462,
      10.426906277308184,
      10.422828597671185,
      10.401041646791889,
      NaN,
      NaN,
      49.99999999995433
    ],
    [
      10.306995781381966,
      10.32940058308373,
      10.37085003763975,
      10.335756558161776,
      10.303599646851998,
      22.26200437602444,
      24.4422820645827,
      49.99999999991711,
      49.99999999999982,
      49.99999999999999
    ],
    [
      10.296835601194761,
      10.318093389050315,
      10.35332860207346,
      10.323482978640428,
      10.294977315351712,
      19.527000550977064,
      19.451014526461538,
      40.7336761609463,
      NaN,
      37.88156828552235
    ]
  ],
  "plateau_t0_idx": [
    0,
    1,
    2,
    3,
    4
  ],
  "plateau_te_idx": [
    3,
    4,
    5
  ],
  "t0_plateau_min": 10.0,
  "t0_plateau_max": 16.666666666666668,
  "te_plateau_min": 42.0,
  "te_plateau_max": 50.0,
  "omega_pct_err": 0.8974619906455588,
  "tau_pct_err": 7.831760251756744,
  "omega_theory": 0.3737,
  "tau_theory": 11.241
}