{
  "omega": 0.3711456577157781,
  "tau": 10.920000913413512,
  "omega_pct_err": 0.6835275044746737,
  "tau_pct_err": 2.855609701863605,
  "omega_theory": 0.3737,
  "tau_theory": 11.241
}