{
  "omega": 0.3794411929307191,
  "tau": 11.46466204327894,
  "A": 2.0116677813182084,
  "phi": -0.9478402359875971,
  "omega_pct_err": 1.5363106584744766,
  "tau_pct_err": 1.989698810416693,
  "omega_theory": 0.3737,
  "tau_theory": 11.241
}