{
  "omega": 0.3791549496277681,
  "tau": 16.03041293929068,
  "omega_std": 0.16555708675652914,
  "tau_std": 7.857387438317025,
  "t_starts": [
    10.0,
    11.0,
    12.0,
    13.0,
    14.0,
    15.0,
    16.0,
    17.0,
    18.0,
    19.0,
    20.0,
    21.0,
    22.0,
    23.0,
    24.0,
    25.0
  ],
  "omegas": [
    0.3785546294491439,
    0.37947593981036365,
    0.3793720915623373,
    0.37826108882550347,
    0.3774053340786528,
    0.37796238769981294,
    0.05000000000001749,
    0.7122081255963134,
    0.7188334071274481,
    0.05000000000000001,
    0.11432675999906682,
    0.7210619236972232,
    0.3826745259167524,
    0.3830511995133549,
    0.3838809434299113,
    0.3842342649066123
  ],
  "taus": [
    11.591761788716655,
    11.605774908335743,
    11.608881078825032,
    11.412667433638777,
    11.445818501481645,
    11.43567668296593,
    31.138372891582534,
    28.004350228779135,
    32.92129123612068,
    49.9999999997616,
    49.99999999999999,
    49.99999999996933,
    11.480721636561908,
    11.209408756761956,
    11.018422632367175,
    10.976232565055197
  ],
  "omegas1": [
    0.5922576994336316,
    0.760906223277976,
    0.7675391057538627,
    0.05000000006542931,
    0.05000000000000001,
    0.05000000000000001,
    0.3784396610797769,
    0.3792289016745574,
    0.3792951053125903,
    0.37850073350432645,
    0.3793812403723744,
    0.3793702759122876,
    0.18588907496589754,
    0.17633981345616564,
    0.20844169416843406,
    0.22092886755696134
  ],
  "taus1": [
    2.584593676720486,
    5.471889229921529,
    4.803803263091746,
    8.240236990548295,
    5.6741007548157985,
    7.59405109506471,
    11.562388765405139,
    11.540366627149725,
    11.55344655481051,
    11.607361672058328,
    11.616855249805727,
    11.606093143854068,
    9.060354616727995,
    5.0419177447939,
    4.381356612853328,
    4.421266325002988
  ],
  "plateau_idx": [
    0,
    1,
    2,
    3,
    4,
    5,
    6,
    7
  ],
  "t0_plateau_min": 10.0,
  "t0_plateau_max": 17.0,
  "omega_pct_err": 1.4597135744629655,
  "tau_pct_err": 42.606644776182556,
  "omega_theory": 0.3737,
  "tau_theory": 11.241
}