{
  "omega": 0.4062001825139048,
  "tau": 15.112096003987183,
  "omega_std": 0.07200825884585908,
  "tau_std": 9.202799406325818,
  "t_starts": [
    10.0,
    11.666666666666666,
    13.333333333333334,
    15.0,
    16.666666666666668,
    18.333333333333336,
    20.0,
    21.666666666666668,
    23.333333333333336,
    25.0
  ],
  "t_ends": [
    30.0,
    34.0,
    38.0,
    42.0,
    46.0,
    50.0
  ],
  "omegas_grid": [
    [
      0.3722812843414291,
      0.3790457639901526,
      0.37686187568031193,
      0.4265032128710308,
      0.19733601594987704,
      NaN,
      0.2393051878260733,
      0.34348024379437236,
      NaN,
      NaN
    ],
    [
      0.37844049133819924,
      0.37969470286725454,
      0.501744409114639,
      0.3830371932765141,
      0.6505317493663734,
      0.6599034995559666,
      NaN,
      0.5266240063821959,
      0.38362102547475624,
      NaN
    ],
    [
      0.3784771962936102,
      0.3796122604704993,
      0.3820535715921194,
      0.38397412139875403,
      0.3835377677722382,
      0.38199497044517816,
      0.38122481644921813,
      0.3812805901410075,
      0.381111286505132,
      NaN
    ],
    [
      0.3784390406315797,
      0.3793977367376499,
      0.37968580631143867,
      0.3771726046733478,
      0.3772040858643551,
      0.37768322291337364,
      0.37796686651046196,
      0.050000000109419115,
      0.05000000000174429,
      0.12295000410431532
    ],
    [
      0.378431282360031,
      0.3794052531479427,
      0.3776620707351405,
      0.37745376948648945,
      0.6941815153385937,
      0.6904712303631356,
      0.05902080921916267,
      0.2827567776977322,
      0.43750408461138574,
      0.48827193607255354
    ],
    [
      0.3785546294491439,
      0.37941806080960083,
      0.3778116063120785,
      0.37796238769981294,
      0.7123309308049408,
      0.7225971100841219,
      0.11432675999906682,
      0.7155116342093459,
      0.3829667804079509,
      0.3842342649066123
    ]
  ],
  "taus_grid": [
    [
      10.926085333870882,
      11.541289358292383,
      11.52765604894412,
      49.99473948854349,
      49.99999544946071,
      NaN,
      49.984951912902204,
      11.247756132788679,
      NaN,
      NaN
    ],
    [
      11.563504125070715,
      11.579836739970997,
      46.271096891955274,
      11.653930531477862,
      27.494677062108504,
      49.9999795875816,
      NaN,
      31.137439410841104,
      11.790215511157214,
      NaN
    ],
    [
      11.744389200655046,
      11.71146011828954,
      11.619568707631437,
      11.9062611015513,
      11.993154109096897,
      12.062573998176914,
      12.069994247796426,
      12.093341896749621,
      12.085231914583462,
      NaN
    ],
    [
      11.717127134387372,
      11.692675089691296,
      11.695693879707669,
      12.019780888026688,
      12.018284480187106,
      11.915538001384778,
      11.835681826699323,
      49.99999999849517,
      49.99999999997171,
      49.99983386546205
    ],
    [
      11.582556628872016,
      11.600357423389692,
      11.41737424237693,
      11.439377632880413,
      49.99999999999999,
      49.999999999893824,
      49.99999999999792,
      99.99999999990105,
      99.99999999999793,
      99.99997614684693
    ],
    [
      11.591761788716655,
      11.608051192031027,
      11.418221543389674,
      11.43567668296593,
      28.011822106051927,
      39.157693434516766,
      49.99999999999999,
      49.999999999882334,
      11.128914029948561,
      10.976232565055197
    ]
  ],
  "plateau_t0_idx": [
    0,
    1,
    2,
    3,
    4
  ],
  "plateau_te_idx": [
    1,
    2,
    3
  ],
  "t0_plateau_min": 10.0,
  "t0_plateau_max": 16.666666666666668,
  "te_plateau_min": 34.0,
  "te_plateau_max": 42.0,
  "omega_pct_err": 8.696864467194219,
  "tau_pct_err": 34.43729209133692,
  "omega_theory": 0.3737,
  "tau_theory": 11.241
}