{
  "omega": 0.3818579960003637,
  "tau": 11.833043431175557,
  "A": 1.9300693169961887,
  "phi": -0.9832787285369797,
  "omega_pct_err": 2.1830334493882018,
  "tau_pct_err": 5.266821734503672,
  "omega_theory": 0.3737,
  "tau_theory": 11.241,
  "t_start_used": 10.0,
  "t_end_used": 50.0,
  "m4_plateau_min": 10.0,
  "m4_plateau_max": 17.0
}