{
  "omega": 0.37752337093443916,
  "tau": 11.41177738158383,
  "omega_pct_err": 1.023112372073638,
  "tau_pct_err": 1.5192365588811536,
  "omega_theory": 0.3737,
  "tau_theory": 11.241
}