{
  "omega": 0.958688326661421,
  "tau": 0.22677483353505148,
  "K": 6,
  "all_omegas": [
    -31.369185826615144,
    0.958688326661421,
    0.0036198229823153653,
    0.3755267663930171,
    0.37495888288936663,
    0.0021656945308329008
  ],
  "all_taus": [
    0.17892057457280316,
    0.22677483353505148,
    Infinity,
    10.456542452668389,
    1.7332862731084318,
    Infinity
  ],
  "all_amps": [
    0.0,
    9.808035289087132e-41,
    1.4611218251880202e-24,
    9.621521485139086e-41,
    9.466186271010065e-41,
    9.621521485139086e-41
  ],
  "omega_pct_err": 156.5395575759757,
  "tau_pct_err": 97.98260978974244,
  "omega_theory": 0.3737,
  "tau_theory": 11.241,
  "omega_dim": 0.958688326661421,
  "tau_dim": 0.22677483353505148,
  "M_used": 1.0
}