{
  "omega": 0.37390692081170324,
  "tau": 10.894611394299973,
  "omega_std": 0.0001698542700929163,
  "tau_std": 0.05218737806983703,
  "t_starts": [
    10.0,
    11.666666666666666,
    13.333333333333334,
    15.0,
    16.666666666666668,
    18.333333333333336,
    20.0,
    21.666666666666668,
    23.333333333333336,
    25.0
  ],
  "t_ends": [
    30.0,
    34.0,
    38.0,
    42.0,
    46.0,
    50.0
  ],
  "omegas_grid": [
    [
      0.3739619876667136,
      0.37357239771443757,
      0.37334297518281406,
      0.3734464067798224,
      0.373539357927214,
      0.37325767665687987,
      NaN,
      0.3730103816102688,
      NaN,
      NaN
    ],
    [
      0.37391207098949997,
      0.37386137045813866,
      0.37392508771568794,
      0.37386980593438596,
      0.3735053031749924,
      0.3125595538436844,
      NaN,
      0.3737923553607348,
      0.3737598228860161,
      NaN
    ],
    [
      0.3738089974193913,
      0.3738494347084462,
      0.37400429597206547,
      0.3738412755687721,
      0.3736831026364134,
      0.37386796980525333,
      0.3743304934102435,
      0.3743367685326729,
      0.374487745727912,
      0.37439282686048625
    ],
    [
      0.3739075463750701,
      0.37398757005064576,
      0.37414489297444903,
      0.3740880068482907,
      0.3742150513493003,
      0.3748396477413541,
      0.37578241490749126,
      0.3749888888713413,
      0.3742271388641677,
      0.37509360747452397
    ],
    [
      0.37387247190719913,
      0.3740170869288367,
      0.37425680419409024,
      0.3741002586723913,
      0.37423496211345936,
      0.3758124138729802,
      0.37628632309946514,
      0.37495172199778426,
      0.3749364637912675,
      NaN
    ],
    [
      0.373867872025709,
      0.37400206829770427,
      0.3742244711247435,
      0.3740900897855656,
      0.3741900185961399,
      0.3750943521067923,
      0.37415795141598346,
      0.37461701852548834,
      0.3745160019191248,
      0.3744440891074645
    ]
  ],
  "taus_grid": [
    [
      10.815662049384931,
      10.798986692911082,
      10.777273891097801,
      10.802395626576066,
      10.884897823661303,
      10.977829778973566,
      NaN,
      11.011133500349255,
      NaN,
      NaN
    ],
    [
      10.821744580169087,
      10.817568974486433,
      10.844088428670153,
      10.91021552276367,
      10.97332943600884,
      0.6303820826577042,
      NaN,
      10.999012613245123,
      10.992669299234853,
      NaN
    ],
    [
      10.849636787708237,
      10.854178370841197,
      10.899444514315881,
      10.948189379622512,
      10.957200576306702,
      10.959567980500866,
      10.978991406634112,
      10.97783401512634,
      10.961565168889194,
      10.895497607285257
    ],
    [
      10.854707312461732,
      10.864029506005043,
      10.916049367816107,
      10.956751777526312,
      10.952036379797713,
      10.952387897959943,
      11.048258675786832,
      10.93361055605779,
      11.300511313636022,
      11.026915151348106
    ],
    [
      10.881763297429984,
      10.896501509035543,
      10.96963717809141,
      11.022962970420707,
      11.022902484593919,
      11.033079888975989,
      11.386381023261883,
      10.994913064397487,
      11.076486732620804,
      NaN
    ],
    [
      10.885530261197662,
      10.901027871107251,
      10.976783548917181,
      11.031267884833117,
      11.033212009367011,
      11.085876290048624,
      11.456111154273867,
      11.035203097603496,
      11.093472074042506,
      11.164345402036602
    ]
  ],
  "plateau_t0_idx": [
    0,
    1,
    2,
    3,
    4
  ],
  "plateau_te_idx": [
    1,
    2,
    3
  ],
  "t0_plateau_min": 10.0,
  "t0_plateau_max": 16.666666666666668,
  "te_plateau_min": 34.0,
  "te_plateau_max": 42.0,
  "omega_pct_err": 0.05537083535008282,
  "tau_pct_err": 3.0814750084514393,
  "omega_theory": 0.3737,
  "tau_theory": 11.241,
  "omega_dim": 0.37390692081170324,
  "tau_dim": 10.894611394299973,
  "M_used": 1.0
}