{
  "omega": 0.3793014313344577,
  "tau": 10.903067631775238,
  "A": 2.2240304487043927,
  "phi": -0.8233473591171346,
  "omega_pct_err": 1.498911248182427,
  "tau_pct_err": 3.00624827172637,
  "omega_theory": 0.3737,
  "tau_theory": 11.241,
  "omega_dim": 0.3793014313344577,
  "tau_dim": 10.903067631775238,
  "M_used": 1.0,
  "t_start_used": 11.0,
  "t_end_used": 50.0,
  "m4_plateau_min": 11.0,
  "m4_plateau_max": 18.0
}