{
  "omega": 0.37419133742841465,
  "tau": 10.98942208855263,
  "omega_std": 0.0002232623195639754,
  "tau_std": 0.05936609687689284,
  "omega1": 0.5589909453554444,
  "tau1": 3.615209434813817,
  "omega1_std": 0.038440694653150115,
  "tau1_std": 0.573241229248251,
  "t_starts": [
    10.0,
    11.0,
    12.0,
    13.0,
    14.0,
    15.0,
    16.0,
    17.0,
    18.0,
    19.0,
    20.0,
    21.0,
    22.0,
    23.0,
    24.0,
    25.0
  ],
  "omegas": [
    0.373867872025709,
    0.37393042043697494,
    0.3740409940890783,
    0.37418770283832387,
    0.3742052739997492,
    0.3740900897855656,
    0.37409108989997036,
    0.37426223345074977,
    0.3747228949269053,
    0.37590688285504076,
    0.37415795141598346,
    0.37461399237221926,
    0.3746121384232787,
    0.3745608701742583,
    0.3744659828197733,
    0.3744440891074645
  ],
  "taus": [
    10.885530261197662,
    10.890576463574648,
    10.908535342540022,
    10.95224145085713,
    11.009578880660138,
    11.031267884833117,
    11.032129064916278,
    11.034962432531659,
    11.05608518850805,
    11.251424354572423,
    11.456111154273867,
    11.035605794216755,
    11.038477118441506,
    11.073930286779582,
    11.121354119775779,
    11.164345402036602
  ],
  "omegas1": [
    0.6061395018502965,
    0.6106119187238798,
    0.6128274293345508,
    0.5934310905406215,
    0.553459998075221,
    0.5324339607566897,
    0.5316947069215381,
    0.531965342556124,
    0.5055031159349302,
    0.42784814169193186,
    0.37224648074479255,
    0.5196425490961464,
    0.5186562290666519,
    0.5063225611611938,
    0.491221904151847,
    0.482951294745019
  ],
  "taus1": [
    2.811578019630269,
    2.85253978685467,
    3.026423605787641,
    3.4122017772531716,
    3.655940332688912,
    3.579762322084019,
    3.5898830014498717,
    3.946278679063311,
    4.858645973328942,
    6.134627337026377,
    5.757698046192604,
    4.801913974151387,
    4.717734857198835,
    3.8731109248067384,
    3.2734383484633716,
    3.349013672258395
  ],
  "plateau_idx": [
    1,
    2,
    3,
    4,
    5,
    6,
    7,
    8
  ],
  "t0_plateau_min": 11.0,
  "t0_plateau_max": 18.0,
  "omega_pct_err": 0.13147910848666663,
  "tau_pct_err": 2.238038532580466,
  "omega_theory": 0.3737,
  "tau_theory": 11.241,
  "omega_dim": 0.37419133742841465,
  "tau_dim": 10.98942208855263,
  "M_used": 1.0
}