{
  "omega": 0.38207029173626894,
  "tau": 11.548904555040869,
  "A": 1.9831937101479369,
  "phi": -0.8838468491980082,
  "omega_pct_err": 2.239842583962795,
  "tau_pct_err": 2.7391206746808026,
  "omega_theory": 0.3737,
  "tau_theory": 11.241,
  "omega_dim": 0.38207029173626894,
  "tau_dim": 11.548904555040869,
  "M_used": 1.0
}