{
  "omega": 0.37331872159637614,
  "tau": 11.074316777563407,
  "omega_pct_err": 0.10202793781745825,
  "tau_pct_err": 1.4828148957974612,
  "omega_theory": 0.3737,
  "tau_theory": 11.241,
  "omega_dim": 0.37331872159637614,
  "tau_dim": 11.074316777563407,
  "M_used": 1.0
}