{
  "omega": 0.3711696254375173,
  "tau": 10.56722698625369,
  "omega_std": 8.64679793716967e-05,
  "tau_std": 0.0077577654893190495,
  "omega1": 0.507753370814128,
  "tau1": 2.6594676342693195,
  "omega1_std": 0.026035715315626054,
  "tau1_std": 0.038831986419318835,
  "t_starts": [
    10.0,
    11.0,
    12.0,
    13.0,
    14.0,
    15.0,
    16.0,
    17.0,
    18.0,
    19.0,
    20.0,
    21.0,
    22.0,
    23.0,
    24.0,
    25.0
  ],
  "omegas": [
    0.37144454247273123,
    0.37124587256127284,
    0.37121477738429426,
    0.37123396047315055,
    0.37123485153684277,
    0.371174288130442,
    0.371129461457386,
    0.3711586476447473,
    0.3709651443120027,
    0.3705909197250239,
    0.3706270098854305,
    0.3709960554360729,
    0.37076527739907295,
    0.8177281012646198,
    0.8446143739106485,
    0.8417402447747563
  ],
  "taus": [
    10.614695081622909,
    10.585277411997962,
    10.565803887333749,
    10.564611860882648,
    10.566319110806905,
    10.567824753692674,
    10.569411386397666,
    10.561989098519735,
    10.556578380398182,
    10.500492007270784,
    10.506983050951042,
    10.55285365248097,
    10.522565362982917,
    49.99999999999981,
    49.9999999989355,
    49.99999998296107
  ],
  "omegas1": [
    0.5466728244814635,
    0.5293018048910946,
    0.5227609875714234,
    0.5253638243735376,
    0.5257445978950283,
    0.5110907934450897,
    0.5007856586722866,
    0.5025740040822035,
    0.4444052955823599,
    0.2638525291648376,
    0.26806160960097025,
    0.4477443915498912,
    0.4053178432819441,
    0.371050135119953,
    0.3709053369560247,
    0.3709310489386994
  ],
  "taus1": [
    2.852313826550377,
    2.748884347826932,
    2.642171987216748,
    2.616504439423382,
    2.625549276659861,
    2.651040139072198,
    2.666969163676906,
    2.6445747006901117,
    2.6800470195884167,
    2.7547561898897652,
    2.7350653111090244,
    2.659750625874256,
    2.686075906273876,
    10.543631878636583,
    10.545354101252933,
    10.546495494052428
  ],
  "plateau_idx": [
    1,
    2,
    3,
    4,
    5,
    6,
    7,
    8
  ],
  "t0_plateau_min": 11.0,
  "t0_plateau_max": 18.0,
  "omega_pct_err": 0.6771138781061476,
  "tau_pct_err": 5.993888566375853,
  "omega_theory": 0.3737,
  "tau_theory": 11.241,
  "omega_dim": 0.3711696254375173,
  "tau_dim": 10.56722698625369,
  "M_used": 1.0
}