{
  "omega": 0.3709962384921005,
  "tau": 10.621772092036306,
  "omega_std": 0.000544194323082446,
  "tau_std": 0.03444376514281007,
  "t_starts": [
    10.0,
    11.666666666666666,
    13.333333333333334,
    15.0,
    16.666666666666668,
    18.333333333333336,
    20.0,
    21.666666666666668,
    23.333333333333336,
    25.0
  ],
  "t_ends": [
    30.0,
    34.0,
    38.0,
    42.0,
    46.0,
    50.0
  ],
  "omegas_grid": [
    [
      0.37216232548911754,
      0.3712875195642724,
      0.37131818062951205,
      0.37242105534427833,
      0.1917439097977186,
      NaN,
      NaN,
      0.37348782694132443,
      NaN,
      NaN
    ],
    [
      0.3720823787026539,
      0.371861678870022,
      0.37186448658729976,
      0.3719277882648334,
      0.37216413402631876,
      0.37232038448985383,
      NaN,
      0.3724010528572958,
      0.3733533624227994,
      NaN
    ],
    [
      0.37186579999427016,
      0.371620380464909,
      0.37162012605838207,
      0.37145293691412173,
      0.3704336119979109,
      0.3698155240108637,
      0.36991720060821537,
      0.3707448669684157,
      0.8733624290731387,
      0.9700829634523346
    ],
    [
      0.3712729042496246,
      0.37105809953333574,
      0.37101430058837626,
      0.3697740291991136,
      0.3704543592145771,
      0.36947975238041364,
      0.2256442872781208,
      0.3693450844192781,
      0.7206692824486499,
      0.3696876695588937
    ],
    [
      0.37126058772272874,
      0.37101210910536714,
      0.3710342386032083,
      0.3704426718461809,
      0.37062742188940034,
      0.3696911846804816,
      0.3700887790219279,
      0.36964537432367567,
      0.36932840861569854,
      0.9582155430750006
    ],
    [
      0.37144454247273123,
      0.3712145813682126,
      0.37123879628809325,
      0.371174288130442,
      0.37116800418106577,
      0.3705214779698752,
      0.3706270098854305,
      0.37086300154607116,
      0.8334788910719307,
      0.8417402447747563
    ]
  ],
  "taus_grid": [
    [
      10.668897759460618,
      10.621958145527833,
      10.625503450572632,
      10.929860176709605,
      99.99999998808366,
      NaN,
      NaN,
      10.874219292181023,
      NaN,
      NaN
    ],
    [
      10.653955618959234,
      10.625558613388064,
      10.61557267398893,
      10.594900443641418,
      10.54711308801147,
      10.4157044276643,
      NaN,
      10.394242258982134,
      10.345463550679797,
      NaN
    ],
    [
      10.645436469524405,
      10.61974846944621,
      10.620897137466947,
      10.63733060999375,
      10.638817385347362,
      10.570592926874074,
      10.541074345185587,
      10.637253703440113,
      49.99999999999999,
      24.967104574991016
    ],
    [
      10.646153557910244,
      10.608281676539088,
      10.623587899637812,
      10.692937156464183,
      10.669336476720058,
      10.535003933105505,
      49.99999999990119,
      10.638827627027759,
      30.50828028613025,
      10.598185006592791
    ],
    [
      10.619711063768143,
      10.573362200449264,
      10.565349191547865,
      10.586357468538152,
      10.579274617191087,
      10.472285026743618,
      10.358827381879538,
      10.527198191858135,
      10.479410892145685,
      15.287399333644903
    ],
    [
      10.614695081622909,
      10.57005321811975,
      10.565515666767116,
      10.567824753692674,
      10.563710501615494,
      10.491513275191659,
      10.506983050951042,
      10.538961701046885,
      49.999999999999986,
      49.99999998296107
    ]
  ],
  "plateau_t0_idx": [
    0,
    1,
    2,
    3,
    4
  ],
  "plateau_te_idx": [
    2,
    3,
    4
  ],
  "t0_plateau_min": 10.0,
  "t0_plateau_max": 16.666666666666668,
  "te_plateau_min": 38.0,
  "te_plateau_max": 46.0,
  "omega_pct_err": 0.7235112410755878,
  "tau_pct_err": 5.5086549947842185,
  "omega_theory": 0.3737,
  "tau_theory": 11.241,
  "omega_dim": 0.3709962384921005,
  "tau_dim": 10.621772092036306,
  "M_used": 1.0
}