{
  "omega": 0.3716016599283363,
  "tau": 10.753354764315885,
  "omega_pct_err": 0.561503899294528,
  "tau_pct_err": 4.338094793026551,
  "omega_theory": 0.3737,
  "tau_theory": 11.241,
  "omega_dim": 0.3716016599283363,
  "tau_dim": 10.753354764315885,
  "M_used": 1.0
}