{
  "omega": 0.3810537838838509,
  "tau": 11.41639803586462,
  "A": 2.0068174149242215,
  "phi": -0.871171188801896,
  "omega_pct_err": 1.9678308493045062,
  "tau_pct_err": 1.560341925670501,
  "omega_theory": 0.3737,
  "tau_theory": 11.241,
  "omega_dim": 0.3810537838838509,
  "tau_dim": 11.41639803586462,
  "M_used": 1.0
}