{
  "omega": 1.2340586458741813,
  "tau": 0.15397088472802814,
  "K": 6,
  "all_omegas": [
    -31.412068400251567,
    1.2340586458741813,
    -0.014883395948863818,
    0.37512959457673334,
    0.3015667749076926,
    0.0025467699724912294
  ],
  "all_taus": [
    0.35480609749990016,
    0.15397088472802814,
    Infinity,
    10.232945850397998,
    1.703998500848844,
    Infinity
  ],
  "all_amps": [
    0.0,
    4.1070082431337825e-40,
    1.2647793700214121e-24,
    2.4215898921828154e-40,
    2.62023022090214e-40,
    2.3101921367627527e-40
  ],
  "omega_pct_err": 230.22709282156316,
  "tau_pct_err": 98.6302741328349,
  "omega_theory": 0.3737,
  "tau_theory": 11.241,
  "omega_dim": 1.2340586458741813,
  "tau_dim": 0.15397088472802814,
  "M_used": 1.0
}