{
  "omega": 0.37812333113743474,
  "tau": 10.7633467077764,
  "A": 2.259229699681863,
  "phi": -0.8076174258085363,
  "omega_pct_err": 1.1836583188211829,
  "tau_pct_err": 4.249206407113247,
  "omega_theory": 0.3737,
  "tau_theory": 11.241,
  "omega_dim": 0.37812333113743474,
  "tau_dim": 10.7633467077764,
  "M_used": 1.0,
  "t_start_used": 11.0,
  "t_end_used": 50.0,
  "m4_plateau_min": 11.0,
  "m4_plateau_max": 18.0
}