{
  "RMSD": 0.0010414892996983309,
  "MAD": 0.0007339135362758459,
  "RL2": 0.007386688020703685
}