{
  "canonical": {
    "M": 1.0,
    "x0": 4.0,
    "sigma": 5.0
  },
  "window": [
    10.0,
    80.0
  ],
  "field": {
    "rmsd_hybrid": 0.0016983399792619086,
    "rmsd_baseline": 0.015321999406623711,
    "rl2_hybrid": 0.012419545150127404,
    "rl2_baseline": 0.11204603656771284
  },
  "xq10": {
    "x_actual": 10.0,
    "hybrid": {
      "M1": {
        "omega_pct_err": 0.046595310489439545,
        "tau_pct_err": 1.4625659068270958
      },
      "M2": {
        "omega_pct_err": 1.5368095887057425,
        "tau_pct_err": 1.8876900326470485
      },
      "M3": {
        "omega_pct_err": 0.7560606230915936,
        "tau_pct_err": 7.479367496430729
      },
      "M4": {
        "omega_pct_err": 0.2707054432021555,
        "tau_pct_err": 1.3096912442690418
      },
      "M5": {
        "omega_pct_err": 0.04698603996931102,
        "tau_pct_err": 3.579495521879375
      }
    },
    "baseline": {
      "M1": {
        "omega_pct_err": 0.02595826280857146,
        "tau_pct_err": 1.5474151455942373
      },
      "M2": {
        "omega_pct_err": 1.7650241640343627,
        "tau_pct_err": 1.653582152133136
      },
      "M3": {
        "omega_pct_err": 0.8382586844114198,
        "tau_pct_err": 8.353919277929132
      },
      "M4": {
        "omega_pct_err": 0.006739612963616082,
        "tau_pct_err": 3.505452008243906
      },
      "M5": {
        "omega_pct_err": 0.02818110939422628,
        "tau_pct_err": 3.9728639729038124
      }
    },
    "fine": {
      "M1": {
        "omega_pct_err": 0.0642349478147225,
        "tau_pct_err": 1.4193599727327355
      },
      "M2": {
        "omega_pct_err": 1.5648866437123043,
        "tau_pct_err": 1.8007999884007155
      },
      "M3": {
        "omega_pct_err": 0.7645122459039657,
        "tau_pct_err": 7.6421652718551005
      },
      "M4": {
        "omega_pct_err": 0.03098139379407785,
        "tau_pct_err": 3.328954488235045
      },
      "M5": {
        "omega_pct_err": 0.05278104828877233,
        "tau_pct_err": 3.8161912673291782
      }
    }
  }
}