{
  "n_eval": 100,
  "xq": 10.0,
  "window": [
    10.0,
    80.0
  ],
  "protocol": "Algorithm-1 grids (M4 16 starts w=8 t0[10,25]; M5 10x6 t0[10,25] te[30,80])",
  "medians": {
    "hyb_M1_omega_pct_err": 0.5902175400311727,
    "hyb_M1_tau_pct_err": 1.7450339973204212,
    "hyb_M2_omega_pct_err": 2.191057662890336,
    "hyb_M2_tau_pct_err": 10.328357656489175,
    "hyb_M3_omega_pct_err": 1.3895952183488594,
    "hyb_M3_tau_pct_err": 7.459179623757445,
    "hyb_M4_omega_pct_err": 0.2010790307360813,
    "hyb_M4_tau_pct_err": 0.6854708705611261,
    "hyb_M5_omega_pct_err": 0.27613517865948556,
    "hyb_M5_tau_pct_err": 1.4621146622018144,
    "hyb_ORACLE_omega_pct_err": 0.1734233053792037,
    "hyb_ORACLE_tau_pct_err": 0.7764334966833585,
    "base_M1_omega_pct_err": 0.5900830726481248,
    "base_M1_tau_pct_err": 2.005454221990676,
    "base_M2_omega_pct_err": 2.2684139307595625,
    "base_M2_tau_pct_err": 10.708732827542331,
    "base_M3_omega_pct_err": 1.3483627625977126,
    "base_M3_tau_pct_err": 7.871395228801813,
    "base_M4_omega_pct_err": 0.12284583804225024,
    "base_M4_tau_pct_err": 0.45062820156256417,
    "base_M5_omega_pct_err": 0.18853979657050648,
    "base_M5_tau_pct_err": 0.8723262749856124,
    "base_ORACLE_omega_pct_err": 0.13486675147114618,
    "base_ORACLE_tau_pct_err": 0.5178884343547969,
    "fine_M1_omega_pct_err": 0.5767392346767415,
    "fine_M1_tau_pct_err": 1.8531847361944005,
    "fine_M2_omega_pct_err": 2.1547059575787033,
    "fine_M2_tau_pct_err": 10.311608521004857,
    "fine_M3_omega_pct_err": 1.277139302904085,
    "fine_M3_tau_pct_err": 7.319241601207491,
    "fine_M4_omega_pct_err": 0.09744749384119583,
    "fine_M4_tau_pct_err": 0.416253889485915,
    "fine_M5_omega_pct_err": 0.17028989689325066,
    "fine_M5_tau_pct_err": 0.8562396324055868,
    "fine_ORACLE_omega_pct_err": 0.10964334795101607,
    "fine_ORACLE_tau_pct_err": 0.4402434073358222
  }
}