{
  "n_eval": 100,
  "xq": 10.0,
  "window": [
    10.0,
    50.0
  ],
  "protocol": "Algorithm-1 grids (M4 16 starts w=8 t0[10,25]; M5 10x6 t0[10,25] te[30,50])",
  "medians": {
    "hyb_M1_omega_pct_err": 1.2874282254605136,
    "hyb_M1_tau_pct_err": 4.368992540024431,
    "hyb_M2_omega_pct_err": 2.2823935764689764,
    "hyb_M2_tau_pct_err": 10.687777411992514,
    "hyb_M3_omega_pct_err": 1.5337925961901995,
    "hyb_M3_tau_pct_err": 7.9909542075121855,
    "hyb_M4_omega_pct_err": 0.30931226087583763,
    "hyb_M4_tau_pct_err": 1.5752060131879182,
    "hyb_M5_omega_pct_err": 0.38233562131729637,
    "hyb_M5_tau_pct_err": 2.475071477421047,
    "hyb_ORACLE_omega_pct_err": 0.2370010132076191,
    "hyb_ORACLE_tau_pct_err": 1.003665560889949,
    "base_M1_omega_pct_err": 1.3242516828147588,
    "base_M1_tau_pct_err": 4.440725042128108,
    "base_M2_omega_pct_err": 2.330477547927731,
    "base_M2_tau_pct_err": 10.967775087299582,
    "base_M3_omega_pct_err": 1.4919476527853792,
    "base_M3_tau_pct_err": 8.541753236941432,
    "base_M4_omega_pct_err": 0.17173537721974114,
    "base_M4_tau_pct_err": 1.0264887558816502,
    "base_M5_omega_pct_err": 0.2607918671527837,
    "base_M5_tau_pct_err": 2.1943003531874634,
    "base_ORACLE_omega_pct_err": 0.13879668872277662,
    "base_ORACLE_tau_pct_err": 0.6601186115069648,
    "fine_M1_omega_pct_err": 1.2909405667525333,
    "fine_M1_tau_pct_err": 4.254611211567736,
    "fine_M2_omega_pct_err": 2.2610872936051685,
    "fine_M2_tau_pct_err": 10.647443409406765,
    "fine_M3_omega_pct_err": 1.4999525375194134,
    "fine_M3_tau_pct_err": 8.048570746867759,
    "fine_M4_omega_pct_err": 0.15660258245443598,
    "fine_M4_tau_pct_err": 1.20102862984954,
    "fine_M5_omega_pct_err": 0.21203591976274822,
    "fine_M5_tau_pct_err": 2.0798267743009,
    "fine_ORACLE_omega_pct_err": 0.13432935491072623,
    "fine_ORACLE_tau_pct_err": 0.6998507424600462
  }
}