{
  "n_eval": 100,
  "xq": 10.0,
  "window": [
    10.0,
    65.0
  ],
  "protocol": "Algorithm-1 grids (M4 16 starts w=8 t0[10,25]; M5 10x6 t0[10,25] te[30,65])",
  "medians": {
    "hyb_M1_omega_pct_err": 0.7975901436248143,
    "hyb_M1_tau_pct_err": 2.548415993623306,
    "hyb_M2_omega_pct_err": 2.1965251760846893,
    "hyb_M2_tau_pct_err": 10.374147721775634,
    "hyb_M3_omega_pct_err": 2.0476496018459827,
    "hyb_M3_tau_pct_err": 8.974546475003848,
    "hyb_M4_omega_pct_err": 0.22264905201270666,
    "hyb_M4_tau_pct_err": 1.1997417747421584,
    "hyb_M5_omega_pct_err": 0.24402378202921904,
    "hyb_M5_tau_pct_err": 1.5278168823588332,
    "hyb_ORACLE_omega_pct_err": 0.1821258293055571,
    "hyb_ORACLE_tau_pct_err": 0.6698788491664824,
    "base_M1_omega_pct_err": 0.7709365738324434,
    "base_M1_tau_pct_err": 2.8829153019783775,
    "base_M2_omega_pct_err": 2.2811670846028607,
    "base_M2_tau_pct_err": 10.774863386779032,
    "base_M3_omega_pct_err": 2.1327983325425874,
    "base_M3_tau_pct_err": 9.569038653935444,
    "base_M4_omega_pct_err": 0.16467208029738203,
    "base_M4_tau_pct_err": 0.7111867339049827,
    "base_M5_omega_pct_err": 0.21552033340365206,
    "base_M5_tau_pct_err": 1.0139926684337344,
    "base_ORACLE_omega_pct_err": 0.1477371008765027,
    "base_ORACLE_tau_pct_err": 0.5020914977488389,
    "fine_M1_omega_pct_err": 0.7624685851342967,
    "fine_M1_tau_pct_err": 2.605842638196744,
    "fine_M2_omega_pct_err": 2.177289211380921,
    "fine_M2_tau_pct_err": 10.35585085445485,
    "fine_M3_omega_pct_err": 1.9585059054794836,
    "fine_M3_tau_pct_err": 9.103312056536332,
    "fine_M4_omega_pct_err": 0.1340813572967034,
    "fine_M4_tau_pct_err": 0.6286220426550418,
    "fine_M5_omega_pct_err": 0.18228551499522022,
    "fine_M5_tau_pct_err": 0.9787263840097442,
    "fine_ORACLE_omega_pct_err": 0.12895966153206245,
    "fine_ORACLE_tau_pct_err": 0.3970717162508469
  }
}