{
  "n_eval": 100,
  "xq": 10.0,
  "window": [
    10.0,
    100.0
  ],
  "protocol": "Algorithm-1 grids (M4 16 starts w=8 t0[10,25]; M5 10x6 t0[10,25] te[30,100])",
  "medians": {
    "hyb_M1_omega_pct_err": 0.4227773676850267,
    "hyb_M1_tau_pct_err": 1.4164836370519955,
    "hyb_M2_omega_pct_err": 2.1905727767864285,
    "hyb_M2_tau_pct_err": 10.31866628048649,
    "hyb_M3_omega_pct_err": 1.468415459215118,
    "hyb_M3_tau_pct_err": 7.978611231212504,
    "hyb_M4_omega_pct_err": 0.15170832239338675,
    "hyb_M4_tau_pct_err": 0.5283730205646947,
    "hyb_M5_omega_pct_err": 0.2502481771371595,
    "hyb_M5_tau_pct_err": 1.3698746780179187,
    "hyb_ORACLE_omega_pct_err": 0.1731936493980347,
    "hyb_ORACLE_tau_pct_err": 0.7004318665250454,
    "base_M1_omega_pct_err": 0.42846294525074513,
    "base_M1_tau_pct_err": 1.3477989156620378,
    "base_M2_omega_pct_err": 2.26733933773582,
    "base_M2_tau_pct_err": 10.698146212928991,
    "base_M3_omega_pct_err": 1.406282850271979,
    "base_M3_tau_pct_err": 8.64439048808347,
    "base_M4_omega_pct_err": 0.09491222363068326,
    "base_M4_tau_pct_err": 0.16604299157038416,
    "base_M5_omega_pct_err": 0.17763946244224404,
    "base_M5_tau_pct_err": 1.072060107600892,
    "base_ORACLE_omega_pct_err": 0.1494203159951894,
    "base_ORACLE_tau_pct_err": 0.48659435169141146,
    "fine_M1_omega_pct_err": 0.42138574544332874,
    "fine_M1_tau_pct_err": 1.1633335156039086,
    "fine_M2_omega_pct_err": 2.1532284671139017,
    "fine_M2_tau_pct_err": 10.30285613344747,
    "fine_M3_omega_pct_err": 1.4436927288405954,
    "fine_M3_tau_pct_err": 7.930404763733446,
    "fine_M4_omega_pct_err": 0.0643514965213788,
    "fine_M4_tau_pct_err": 0.09188352272836829,
    "fine_M5_omega_pct_err": 0.13803172566274277,
    "fine_M5_tau_pct_err": 1.0853263054379705,
    "fine_ORACLE_omega_pct_err": 0.1259799504620372,
    "fine_ORACLE_tau_pct_err": 0.4447206310498196
  }
}