{
  "n_eval": 100,
  "field": {
    "mse_hybrid": 7.540388935864746e-06,
    "mse_baseline": 0.00034361586496362354,
    "rl2_hybrid": 0.018527796258721974,
    "rl2_baseline": 0.1339463952018683
  },
  "qnm_window": {
    "t_start": 10.0,
    "t_end": 100.0,
    "xq_list": [
      2.0,
      10.0
    ]
  },
  "qnm_theory": {
    "omega": 0.3737,
    "tau": 11.241
  },
  "qnm_pct_err_median": {
    "xq2_hyb_M1_omega_pct_err": 0.45806233402570984,
    "xq2_hyb_M1_tau_pct_err": 2.2122729093044207,
    "xq2_hyb_M2_omega_pct_err": 0.8575682061863273,
    "xq2_hyb_M2_tau_pct_err": 1.351843718095187,
    "xq2_hyb_M3_omega_pct_err": 0.5541922409592213,
    "xq2_hyb_M3_tau_pct_err": 3.2646330278529403,
    "xq2_hyb_M4_omega_pct_err": 5.674135612137767,
    "xq2_hyb_M4_tau_pct_err": 11.353506843494365,
    "xq2_hyb_M5_omega_pct_err": 0.4772464256424226,
    "xq2_hyb_M5_tau_pct_err": 0.9348553306119278,
    "xq2_base_M1_omega_pct_err": 50.13511740190793,
    "xq2_base_M1_tau_pct_err": 0.6783050252787011,
    "xq2_base_M2_omega_pct_err": 0.8331154806203215,
    "xq2_base_M2_tau_pct_err": 1.0144335310147239,
    "xq2_base_M3_omega_pct_err": 0.5133115892969676,
    "xq2_base_M3_tau_pct_err": 3.2525147321728016,
    "xq2_base_M4_omega_pct_err": 0.04340629213212703,
    "xq2_base_M4_tau_pct_err": 0.11826541073240841,
    "xq2_base_M5_omega_pct_err": 0.044001963295445055,
    "xq2_base_M5_tau_pct_err": 0.13829819111434533,
    "xq2_fine_M1_omega_pct_err": 0.31016845787189606,
    "xq2_fine_M1_tau_pct_err": 0.10961081804944663,
    "xq2_fine_M2_omega_pct_err": 0.8784541130364854,
    "xq2_fine_M2_tau_pct_err": 0.4398704920744672,
    "xq2_fine_M3_omega_pct_err": 0.5445756372949191,
    "xq2_fine_M3_tau_pct_err": 3.4825837562301842,
    "xq2_fine_M4_omega_pct_err": 0.00507612926387808,
    "xq2_fine_M4_tau_pct_err": 0.04941513920476247,
    "xq2_fine_M5_omega_pct_err": 0.007084598153319258,
    "xq2_fine_M5_tau_pct_err": 0.053049457498725625,
    "xq10_hyb_M1_omega_pct_err": 0.4227774806035913,
    "xq10_hyb_M1_tau_pct_err": 1.4164821298644963,
    "xq10_hyb_M2_omega_pct_err": 2.1905727534427863,
    "xq10_hyb_M2_tau_pct_err": 10.31866617590026,
    "xq10_hyb_M3_omega_pct_err": 1.4330320608852378,
    "xq10_hyb_M3_tau_pct_err": 7.978611532196259,
    "xq10_hyb_M4_omega_pct_err": 0.28654616676634626,
    "xq10_hyb_M4_tau_pct_err": 2.4605261616649776,
    "xq10_hyb_M5_omega_pct_err": 0.2462518038500734,
    "xq10_hyb_M5_tau_pct_err": 2.5068621927387094,
    "xq10_base_M1_omega_pct_err": 0.42846294525074513,
    "xq10_base_M1_tau_pct_err": 1.3477989156620378,
    "xq10_base_M2_omega_pct_err": 2.26733933773582,
    "xq10_base_M2_tau_pct_err": 10.698146212928991,
    "xq10_base_M3_omega_pct_err": 1.3527498583215127,
    "xq10_base_M3_tau_pct_err": 8.451207962625737,
    "xq10_base_M4_omega_pct_err": 0.3132069583576126,
    "xq10_base_M4_tau_pct_err": 3.0769512644535872,
    "xq10_base_M5_omega_pct_err": 0.251325683424399,
    "xq10_base_M5_tau_pct_err": 2.844362759898155,
    "xq10_fine_M1_omega_pct_err": 0.42138574544332874,
    "xq10_fine_M1_tau_pct_err": 1.1633335156039086,
    "xq10_fine_M2_omega_pct_err": 2.1532284671139017,
    "xq10_fine_M2_tau_pct_err": 10.30285613344747,
    "xq10_fine_M3_omega_pct_err": 1.443692728840937,
    "xq10_fine_M3_tau_pct_err": 7.8886363897828975,
    "xq10_fine_M4_omega_pct_err": 0.23529405746024135,
    "xq10_fine_M4_tau_pct_err": 2.4628448999251353,
    "xq10_fine_M5_omega_pct_err": 0.1768950568939656,
    "xq10_fine_M5_tau_pct_err": 2.4657028954114764
  },
  "qnm_pct_err_mean": {
    "xq2_hyb_M1_omega_pct_err": 49.074771366168214,
    "xq2_hyb_M1_tau_pct_err": 5.00247772406431,
    "xq2_hyb_M2_omega_pct_err": 53.20643976513819,
    "xq2_hyb_M2_tau_pct_err": 3.403643915879644,
    "xq2_hyb_M3_omega_pct_err": 19.64326741138092,
    "xq2_hyb_M3_tau_pct_err": 5.330945354191886,
    "xq2_hyb_M4_omega_pct_err": 15.84432690176531,
    "xq2_hyb_M4_tau_pct_err": 58.08741433406745,
    "xq2_hyb_M5_omega_pct_err": 8.922261450699974,
    "xq2_hyb_M5_tau_pct_err": 43.95129017168694,
    "xq2_base_M1_omega_pct_err": 50.071490688276825,
    "xq2_base_M1_tau_pct_err": 2.633496220883318,
    "xq2_base_M2_omega_pct_err": 54.177359446130694,
    "xq2_base_M2_tau_pct_err": 1.90378253182283,
    "xq2_base_M3_omega_pct_err": 17.609146369209196,
    "xq2_base_M3_tau_pct_err": 5.412825986014363,
    "xq2_base_M4_omega_pct_err": 0.31837960353719164,
    "xq2_base_M4_tau_pct_err": 5.941484352968503,
    "xq2_base_M5_omega_pct_err": 0.04341092221900872,
    "xq2_base_M5_tau_pct_err": 0.15223822321918254,
    "xq2_fine_M1_omega_pct_err": 49.08590030998002,
    "xq2_fine_M1_tau_pct_err": 0.30024083160311077,
    "xq2_fine_M2_omega_pct_err": 51.22149179867874,
    "xq2_fine_M2_tau_pct_err": 0.9610203099386149,
    "xq2_fine_M3_omega_pct_err": 16.748605048140853,
    "xq2_fine_M3_tau_pct_err": 5.067845947802099,
    "xq2_fine_M4_omega_pct_err": 0.009144175793958681,
    "xq2_fine_M4_tau_pct_err": 0.0705223394325393,
    "xq2_fine_M5_omega_pct_err": 0.013299966649737252,
    "xq2_fine_M5_tau_pct_err": 0.06829244221799464,
    "xq10_hyb_M1_omega_pct_err": 0.4753698324730709,
    "xq10_hyb_M1_tau_pct_err": 1.5987565713345762,
    "xq10_hyb_M2_omega_pct_err": 2.8639362184365766,
    "xq10_hyb_M2_tau_pct_err": 10.536419619832396,
    "xq10_hyb_M3_omega_pct_err": 5.903450962647622,
    "xq10_hyb_M3_tau_pct_err": 17.05222263641874,
    "xq10_hyb_M4_omega_pct_err": 0.38477213144697076,
    "xq10_hyb_M4_tau_pct_err": 2.3292143907431617,
    "xq10_hyb_M5_omega_pct_err": 0.42454858738435197,
    "xq10_hyb_M5_tau_pct_err": 2.700257505186087,
    "xq10_base_M1_omega_pct_err": 0.46739139425042386,
    "xq10_base_M1_tau_pct_err": 1.331722520863392,
    "xq10_base_M2_omega_pct_err": 3.004152358621157,
    "xq10_base_M2_tau_pct_err": 10.893112555557412,
    "xq10_base_M3_omega_pct_err": 5.775268556335534,
    "xq10_base_M3_tau_pct_err": 15.89748573175663,
    "xq10_base_M4_omega_pct_err": 0.48174867870475324,
    "xq10_base_M4_tau_pct_err": 2.8675678918200704,
    "xq10_base_M5_omega_pct_err": 0.4859820250702078,
    "xq10_base_M5_tau_pct_err": 2.8010048771454117,
    "xq10_fine_M1_omega_pct_err": 0.4669137175791323,
    "xq10_fine_M1_tau_pct_err": 1.2121348466254651,
    "xq10_fine_M2_omega_pct_err": 2.878934715167919,
    "xq10_fine_M2_tau_pct_err": 10.542022621875322,
    "xq10_fine_M3_omega_pct_err": 5.97800461811689,
    "xq10_fine_M3_tau_pct_err": 16.22436841447304,
    "xq10_fine_M4_omega_pct_err": 0.38915446828956585,
    "xq10_fine_M4_tau_pct_err": 2.380484106301537,
    "xq10_fine_M5_omega_pct_err": 0.45454154295750143,
    "xq10_fine_M5_tau_pct_err": 2.7396324727805967
  },
  "qnm_pct_err_max": {
    "xq2_hyb_M1_omega_pct_err": 100.00003624703572,
    "xq2_hyb_M1_tau_pct_err": 25.173467130384488,
    "xq2_hyb_M2_omega_pct_err": 200.0402740644579,
    "xq2_hyb_M2_tau_pct_err": 21.943761298339567,
    "xq2_hyb_M3_omega_pct_err": 99.87017398163613,
    "xq2_hyb_M3_tau_pct_err": 44.283196447430306,
    "xq2_hyb_M4_omega_pct_err": 85.6375995232143,
    "xq2_hyb_M4_tau_pct_err": 567.999930251182,
    "xq2_hyb_M5_omega_pct_err": 86.89728734453061,
    "xq2_hyb_M5_tau_pct_err": 442.22273085286344,
    "xq2_base_M1_omega_pct_err": 100.000036392568,
    "xq2_base_M1_tau_pct_err": 16.039966402728435,
    "xq2_base_M2_omega_pct_err": 199.8011780094215,
    "xq2_base_M2_tau_pct_err": 14.0413706830913,
    "xq2_base_M3_omega_pct_err": 99.91298385849502,
    "xq2_base_M3_tau_pct_err": 45.107759013052224,
    "xq2_base_M4_omega_pct_err": 10.6618650713382,
    "xq2_base_M4_tau_pct_err": 215.4788001678479,
    "xq2_base_M5_omega_pct_err": 0.08960595943800802,
    "xq2_base_M5_tau_pct_err": 0.339936164584959,
    "xq2_fine_M1_omega_pct_err": 100.00003635948987,
    "xq2_fine_M1_tau_pct_err": 6.799409382419987,
    "xq2_fine_M2_omega_pct_err": 199.95061736175353,
    "xq2_fine_M2_tau_pct_err": 6.799409382419987,
    "xq2_fine_M3_omega_pct_err": 99.8563761597615,