{
  "n_test": 128,
  "field_rl2": {
    "prior": {
      "mean": 0.5957921743392944,
      "median": 0.5952579975128174
    },
    "hybrid": {
      "mean": 0.008889663964509964,
      "median": 0.007770239841192961
    },
    "richardson": {
      "mean": 0.00026384019292891026,
      "median": 7.926076068542898e-05
    },
    "hybrid_over_prior_factor": 67.0207748413086
  },
  "qnm_Mw_err_pct": {
    "prior": {
      "mean": 4.938145842828179,
      "median": 1.8823375193053957,
      "max": 48.75800934448436,
      "p90": 8.264114610776314
    },
    "hybrid": {
      "mean": 1.781864383710213,
      "median": 1.222293885668292,
      "max": 6.9971322062869685,
      "p90": 4.661982083337726
    },
    "richardson": {
      "mean": 1.1448425952672763,
      "median": 0.5762984871704082,
      "max": 6.229049666827012,
      "p90": 2.9775086209624573
    },
    "fine": {
      "mean": 1.1561803064992786,
      "median": 0.6686466056413097,
      "max": 6.790463594659937,
      "p90": 2.9872001498966556
    }
  },
  "qnm_tau_err_pct": {
    "prior": {
      "mean": 8.49428792822471,
      "median": 3.955778111500026,
      "max": 51.5758002482957,
      "p90": 21.025496259585925
    },
    "hybrid": {
      "mean": 8.438740855462001,
      "median": 6.445847767191697,
      "max": 30.68997266284748,
      "p90": 17.62549983517353
    },
    "fine": {
      "mean": 3.8054228504664303,
      "median": 2.082743896014362,
      "max": 27.369039647694287,
      "p90": 8.989687315421161
    }
  },
  "qnm_Mw_err_pct_best": {
    "prior": {
      "mean": 2.015022897269012,
      "median": 0.5931844207437854,
      "max": 41.06683145967086,
      "p90": 4.255804038094883
    },
    "hybrid": {
      "mean": 0.4301615864226189,
      "median": 0.33198118601188925,
      "max": 2.293123740365765,
      "p90": 0.9172219477859533
    },
    "richardson": {
      "mean": 0.1294426693569819,
      "median": 0.05202699536680623,
      "max": 0.8653545274842611,
      "p90": 0.34990929249478725
    },
    "fine": {
      "mean": 0.1294938937015036,
      "median": 0.052126262279009766,
      "max": 0.8678866852046959,
      "p90": 0.3500518840571313
    }
  },
  "qnm_tau_err_pct_best": {
    "prior": {
      "mean": 0.9582047928656072,
      "median": 0.5161776408869029,
      "max": 10.183055628315302,
      "p90": 2.1599367592100887
    },
    "hybrid": {
      "mean": 2.2536374285832848,
      "median": 1.520401625679467,
      "max": 11.040453853360706,
      "p90": 5.073845301004674
    },
    "fine": {
      "mean": 0.41133651195599424,
      "median": 0.26546359282566445,
      "max": 2.6812205157674023,
      "p90": 1.0063104747076355
    }
  },
  "qnm_spread_pct": {
    "prior": {
      "mean": 3.2945755700715154,
      "median": 1.8429025808007182,
      "max": 27.577061301226923,
      "p90": 5.1150102469083745
    },
    "hybrid": {
      "mean": 2.4017818294737925,
      "median": 2.305981679520251,
      "max": 6.162918632028205,
      "p90": 4.612889594785114
    },
    "richardson": {
      "mean": 2.3626419919868598,
      "median": 2.471827805706874,
      "max": 5.448701821778273,
      "p90": 4.673307615932461
    },
    "fine": {
      "mean": 2.402855942759707,
      "median": 2.5525003395815946,
      "max": 5.457477462645003,
      "p90": 4.671135390063246
    }
  },
  "qnm_sel_dist": {
    "prior": {
      "mean": 0.045312279556095826,
      "median": 0.019389275651109927,
      "max": 0.5106520900628406,
      "p90": 0.07920995537949137
    },
    "hybrid": {
      "mean": 0.016774084804530322,
      "median": 0.015410436578609238,
      "max": 0.04509007512582319,
      "p90": 0.0273072292943091
    },
    "richardson": {
      "mean": 0.007297271420712924,
      "median": 0.005901929163025161,
      "max": 0.030003044259044265,
      "p90": 0.014775030585888227
    },
    "fine": {
      "mean": 0.007297639955028324,
      "median": 0.005900327140418003,
      "max": 0.030006959411718492,
      "p90": 0.014775508102921386
    }
  },
  "by_spin": [
    {
      "bin": [
        0.0,
        0.3
      ],
      "n": 41,
      "field_rl2_prior": 0.5121511220932007,
      "field_rl2_hybrid": 0.007014906499534845,
      "field_rl2_richardson": 3.57660828740336e-05,
      "qnm_Mw_err_prior": 3.233291442708059,
      "qnm_Mw_err_hybrid": 3.422388328105043,
      "qnm_Mw_err_fine": 2.2545455466064026,
      "qnm_tau_err_prior": 3.6409503798625127,
      "qnm_tau_err_hybrid": 6.19692548812769,
      "qnm_tau_err_fine": 3.6199781476344235,
      "qnm_Mw_err_prior_best": 0.6332902965610637,
      "qnm_Mw_err_hybrid_best": 0.5323565399757644,
      "qnm_Mw_err_fine_best": 0.059297503551837126,
      "qnm_tau_err_prior_best": 0.5620286074210482,
      "qnm_tau_err_hybrid_best": 1.7868354426049096,
      "qnm_tau_err_fine_best": 0.4623200621988095
    },
    {
      "bin": [
        0.3,
        0.6
      ],
      "n": 40,
      "field_rl2_prior": 0.5907076001167297,
      "field_rl2_hybrid": 0.0070481570437550545,
      "field_rl2_richardson": 5.789250644738786e-05,
      "qnm_Mw_err_prior": 1.3127227749357018,
      "qnm_Mw_err_hybrid": 1.2241206040763855,
      "qnm_Mw_err_fine": 0.6922781573108154,
      "qnm_tau_err_prior": 3.9795394055190503,
      "qnm_tau_err_hybrid": 7.5317439203344865,
      "qnm_tau_err_fine": 4.181935092267517,
      "qnm_Mw_err_prior_best": 0.4409509508008782,
      "qnm_Mw_err_hybrid_best": 0.2703713456437886,
      "qnm_Mw_err_fine_best": 0.07740315131251463,
      "qnm_tau_err_prior_best": 0.293406569035211,
      "qnm_tau_err_hybrid_best": 1.6680441779738795,
      "qnm_tau_err_fine_best": 0.42043808521505144
    },
    {
      "bin": [
        0.6,
        0.8
      ],
      "n": 27,
      "field_rl2_prior": 0.656998872756958,
      "field_rl2_hybrid": 0.008579764515161514,
      "field_rl2_richardson": 0.00013041782949585468,
      "qnm_Mw_err_prior": 1.0479482889553149,
      "qnm_Mw_err_hybrid": 0.653534956548637,
      "qnm_Mw_err_fine": 0.3977863895355891,
      "qnm_tau_err_prior": 1.7545042606123975,
      "qnm_tau_err_hybrid": 3.509885975961495,
      "qnm_tau_err_fine": 0.7095900989784232,
      "qnm_Mw_err_prior_best": 0.38631244577627233,
      "qnm_Mw_err_hybrid_best": 0.22916368339892917,
      "qnm_Mw_err_fine_best": 0.04375860505580073,
      "qnm_tau_err_prior_best": 0.3198501372934697,
      "qnm_tau_err_hybrid_best": 1.2232704468411093,
      "qnm_tau_err_fine_best": 0.16232613071382104
    },
    {
      "bin": [
        0.8,
        0.95
      ],
      "n": 20,
      "field_rl2_prior": 0.7360661029815674,
      "field_rl2_hybrid": 0.010766223073005676,
      "field_rl2_richardson": 0.0006320428219623864,
      "qnm_Mw_err_prior": 8.157852229744513,
      "qnm_Mw_err_hybrid": 0.7712736884768128,
      "qnm_Mw_err_fine": 0.28736774636718543,
      "qnm_tau_err_prior": 21.415907431470476,
      "qnm_tau_err_hybrid": 9.048474393250466,
      "qnm_tau_err_fine": 0.46861769700863554,
      "qnm_Mw_err_prior_best": 4.707936164621941,
      "qnm_Mw_err_hybrid_best": 0.3831109583832071,
      "qnm_Mw_err_fine_best": 0.01661199998011316,
      "qnm_tau_err_prior_best": 1.4274068939935902,
      "qnm_tau_err_hybrid_best": 2.190050757850462,
      "qnm_tau_err_fine_best": 0.024429501951798743
    }
  ],
  "acceptance_gate": {
    "field_rl2_threshold": 0.05,
    "field_rl2_hybrid_median": 0.007770239841192961,
    "field_pass": true,
    "qnm_pass": false,
    "overall_pass": false
  }
}