{
  "RMSD": 0.00967350181174443,
  "MAD": 0.005155228982269742,
  "RL2": 0.06860861649924305,
  "M_true": 1.0,
  "M_init": 0.8,
  "M_learned": 0.9875070101557669,
  "M_err_pct": 1.2492989844233082,
  "omega_true": 0.3737,
  "omega_init": 0.3,
  "omega_learned": 0.40500729298684096,
  "omega_err_pct": 8.377653997013912,
  "tau_true": 11.241,
  "tau_init": 8.0,
  "tau_learned": 8.619883548828684,
  "tau_err_pct": 23.31746687279883,
  "A_ring_learned": 2.966063138625962,
  "phi0_learned": -1.3760261345550042,
  "noise_level": 0.01
}