{
  "omega": 0.3736570710602094,
  "tau": 11.155370583178266,
  "omega_std": 0.00010227884242879123,
  "tau_std": 0.0071427201176696075,
  "t_starts": [
    10.0,
    11.142857142857142,
    12.285714285714285,
    13.428571428571429,
    14.571428571428571,
    15.714285714285714,
    16.857142857142858,
    18.0
  ],
  "t_ends": [
    40.0,
    42.5,
    45.0,
    47.5,
    50.0
  ],
  "omegas_grid": [
    [
      0.3735415237859896,
      0.37351364168559964,
      0.37371844199017407,
      0.3738542269012028,
      0.37377176252663397,
      0.3736048453054083,
      0.37357252095466553,
      0.3735229280587561
    ],
    [
      0.3735522421610798,
      0.37354534858190913,
      0.3737550222076776,
      0.37387733101082454,
      0.3738435290108424,
      0.37367273079846003,
      0.3735911263852618,
      0.3736967094420316
    ],
    [
      0.3735434288135527,
      0.3735354334224943,
      0.3736650348440611,
      0.37379214260999805,
      0.3737893566908444,
      0.3736846796986746,
      0.3736137343388827,
      0.37366976417506936
    ],
    [
      0.3735842848561015,
      0.37359669121851163,
      0.37372902622343956,
      0.37381052649351687,
      0.37379431127999835,
      0.37368913058895487,
      0.3736249244682838,
      0.3736966109215264
    ],
    [
      0.37360245963257366,
      0.37362156159393795,
      0.3737708335594914,
      0.37383080506266736,
      0.37380555315345404,
      0.3736988591859666,
      0.3736271574584478,
      0.3737548724056065
    ]
  ],
  "taus_grid": [
    [
      11.15545023711134,
      11.159707304156951,
      11.15507339693442,
      11.186002585020512,
      11.204354343781358,
      11.21597501385289,
      11.207332223131413,
      11.222103252707388
    ],
    [
      11.149663357329185,
      11.151182318853833,
      11.146782672871199,
      11.166772096752629,
      11.17768162065663,
      11.196748566425944,
      11.200164449805724,
      11.239717683774373
    ],
    [
      11.150163030469727,
      11.15150961008934,
      11.150665351005674,
      11.165910930503896,
      11.176563158604427,
      11.194119281800223,
      11.199648376021674,
      11.221092862035825
    ],
    [
      11.151541322388846,
      11.151275353880713,
      11.152606864908346,
      11.169292202179587,
      11.179525817564002,
      11.195880205598055,
      11.201007570087262,
      11.214463875873502
    ],
    [
      11.15575771024126,
      11.155009693608408,
      11.1565292933681,
      11.172190092124794,
      11.180295014395734,
      11.193633823987096,
      11.199915219346643,
      11.20864242889198
    ]
  ],
  "plateau_t0_idx": [
    0,
    1,
    2,
    3
  ],
  "plateau_te_idx": [
    2,
    3
  ],
  "t0_plateau_min": 10.0,
  "t0_plateau_max": 13.428571428571429,
  "te_plateau_min": 45.0,
  "te_plateau_max": 47.5,
  "omega_pct_err": 0.011487540752094282,
  "tau_pct_err": 0.7617597795724005,
  "omega_theory": 0.3737,
  "tau_theory": 11.241,
  "omega_dim": 0.3736570710602094,
  "tau_dim": 11.155370583178266,
  "M_used": 1.0
}