{
  "omega": 0.37421940798053854,
  "tau": 10.914608932141794,
  "omega_std": 0.0001615202183495995,
  "tau_std": 0.046609961391509615,
  "omega1": 0.5262569758746143,
  "tau1": 4.5722095584988445,
  "omega1_std": 0.020174930435099027,
  "tau1_std": 0.3789891460421323,
  "t_starts": [
    10.0,
    10.727272727272727,
    11.454545454545455,
    12.181818181818182,
    12.90909090909091,
    13.636363636363637,
    14.363636363636363,
    15.09090909090909,
    15.818181818181818,
    16.545454545454547,
    17.272727272727273,
    18.0
  ],
  "omegas": [
    0.37204293268448535,
    0.3724069644105464,
    0.3725399541406502,
    0.37267459249542517,
    0.3733494521312491,
    0.3741905161700502,
    0.3743957812168914,
    0.3742738403887542,
    0.3740812016953116,
    0.3739633921663185,
    0.3744117162459049,
    0.37675100308931414
  ],
  "taus": [
    10.649081696839163,
    10.659877312529675,
    10.66695862896374,
    10.696966802476274,
    10.728328050014847,
    10.816774784730761,
    10.901291502741957,
    10.931118250901788,
    10.943116931486031,
    10.945037599805378,
    10.950314523184847,
    11.124053051664918
  ],
  "omegas1": [
    0.6471518182535712,
    0.6929329580181931,
    0.7030558385833241,
    0.6854138063225621,
    0.646149341366857,
    0.5676654446264162,
    0.5301293965815891,
    0.520187551617632,
    0.5178448697035084,
    0.5189383941333944,
    0.5027761985851457,
    0.42747387073590243
  ],
  "taus1": [
    2.466559425833116,
    2.664778826591983,
    2.8499565191026788,
    3.4070218920633546,
    4.459423268355025,
    5.17412821424069,
    4.839062784727841,
    4.531505069195729,
    4.212265582302577,
    4.03196682827309,
    4.644328872253139,
    6.268173871394098
  ],
  "plateau_idx": [
    5,
    6,
    7,
    8,
    9,
    10
  ],
  "t0_plateau_min": 13.636363636363637,
  "t0_plateau_max": 17.272727272727273,
  "omega_pct_err": 0.13899062899078582,
  "tau_pct_err": 2.9035767979557456,
  "omega_theory": 0.3737,
  "tau_theory": 11.241,
  "omega_dim": 0.37421940798053854,
  "tau_dim": 10.914608932141794,
  "M_used": 1.0
}