{
  "omega": 0.37371140041075507,
  "tau": 11.160286066506274,
  "omega_std": 9.765099738291748e-05,
  "tau_std": 0.007328560113874995,
  "omega1": 0.4376838851590717,
  "tau1": 5.161088908999486,
  "omega1_std": 0.018761978189330012,
  "tau1_std": 0.2661603734616417,
  "t_starts": [
    10.0,
    10.727272727272727,
    11.454545454545455,
    12.181818181818182,
    12.90909090909091,
    13.636363636363637,
    14.363636363636363,
    15.09090909090909,
    15.818181818181818,
    16.545454545454547,
    17.272727272727273,
    18.0
  ],
  "omegas": [
    0.37360245963257366,
    0.3735950572383525,
    0.37365818685139623,
    0.3737586071232473,
    0.3738259048171126,
    0.3738281868018482,
    0.3738124206235795,
    0.37377354736161134,
    0.37368733971739476,
    0.37362852243588,
    0.3737974969565499,
    0.3737548724056065
  ],
  "taus": [
    11.15575771024126,
    11.156551143498667,
    11.153804016647301,
    11.155634302999532,
    11.165741287230247,
    11.17422793842063,
    11.179026078889136,
    11.184888945040672,
    11.194931919984988,
    11.200676174541641,
    11.19137243048843,
    11.20864242889198
  ],
  "omegas1": [
    0.45767677577563,
    0.45898267695990186,
    0.44826724694439973,
    0.43258543451215314,
    0.41794867940523905,
    0.41064249735710634,
    0.40811053804759806,
    0.4084887296524245,
    0.41525226437319945,
    0.4238795412934742,
    0.3677677760994966,
    0.23240863683471502
  ],
  "taus1": [
    5.360326800191204,
    5.335607435533816,
    5.3777993048668895,
    5.275444070652225,
    4.961105126869053,
    4.656250715883727,
    4.426465605601775,
    4.030387009404732,
    3.0744695252174443,
    2.2076126727715475,
    4.0130451261279925,
    4.21150785288068
  ],
  "plateau_idx": [
    0,
    1,
    2,
    3,
    4,
    5
  ],
  "t0_plateau_min": 10.0,
  "t0_plateau_max": 13.636363636363637,
  "omega_pct_err": 0.0030506852435352827,
  "tau_pct_err": 0.7180316119004193,
  "omega_theory": 0.3737,
  "tau_theory": 11.241,
  "omega_dim": 0.37371140041075507,
  "tau_dim": 11.160286066506274,
  "M_used": 1.0
}