{
  "RMSD": 0.0031552826335990783,
  "MAD": 0.0019453022502840052,
  "RL2": 0.022378615352353234
}