{
  "RMSD": 0.003932196769401255,
  "MAD": 0.0027859805030981542,
  "RL2": 0.02791667903578233
}