{
  "RMSD": 0.0017390283823716798,
  "MAD": 0.00102462692548098,
  "RL2": 0.012329808899242664
}