{
  "RMSD_blend": 0.0023855909980951464,
  "RMSD_w1": 0.00238999587224673,
  "RMSD_w2": 0.0023848097176387313
}