{
  "RMSD": 0.0008167511024456839,
  "MAD": 0.0004986152172070367,
  "RL2": 0.005792748505509903
}