{
  "RMSD": 0.004077278924685898,
  "MAD": 0.003045758443876562,
  "RL2": 0.028917807795786805,
  "M_true": 1.0,
  "M_init": 0.8,
  "M_learned": 0.9985896867871377,
  "M_err_pct": 0.14103132128623352,
  "noise_level": 0.01
}