{
  "omega": 0.37471162624124643,
  "tau": 11.093777607231717,
  "omega_std": 0.000600162634661811,
  "tau_std": 0.156060001067623,
  "omega1": 0.4717181788512586,
  "tau1": 5.17552684378291,
  "omega1_std": 0.06485194959155413,
  "tau1_std": 0.5320187603952579,
  "t_starts": [
    10.0,
    11.0,
    12.0,
    13.0,
    14.0,
    15.0,
    16.0,
    17.0,
    18.0,
    19.0,
    20.0,
    21.0,
    22.0,
    23.0,
    24.0,
    25.0
  ],
  "omegas": [
    0.37229818047078095,
    0.37259722754452523,
    0.3728581910679854,
    0.37376654533788917,
    0.3746832264553081,
    0.37433729119156206,
    0.37419013506124915,
    0.3745625156919389,
    0.37557529556906577,
    0.37555415777856194,
    0.3750238428443966,
    NaN,
    0.374413261603309,
    0.3742920244861102,
    0.3742210002441707,
    0.3742664539121826
  ],
  "taus": [
    10.699078521380423,
    10.70678356210608,
    10.725675823192782,
    10.809909582841271,
    10.9877244107885,
    11.039515658069185,
    11.042039991912823,
    11.05685885316051,
    11.258403232854825,
    11.254083496968304,
    11.301685631258309,
    NaN,
    11.274219253747574,
    11.24047627636447,
    11.206882475037142,
    11.204209891635113
  ],
  "omegas1": [
    0.6564352321391654,
    0.6970711517226504,
    0.7031833610968328,
    0.6037723360295031,
    0.5059643289378724,
    0.4900701480019715,
    0.48932431379805663,
    0.47581327296259024,
    0.40807787618273167,
    0.4086665728231771,
    0.39205658207416605,
    NaN,
    0.37968961043483623,
    0.3855099118691492,
    0.40642603437628533,
    0.41499772348455416
  ],
  "taus1": [
    2.450003142217904,
    2.6346380395146936,
    3.166577225401548,
    5.085965737034592,
    5.239666152141343,
    4.569233457435169,
    4.349669889442906,
    4.879356797833677,
    5.898754300995096,
    5.865183628727072,
    5.516384786653426,
    NaN,
    4.745760291915935,
    4.199296969176898,
    3.579236929498829,
    3.578885843466956
  ],
  "plateau_idx": [
    3,
    4,
    5,
    6,
    7,
    8,
    9,
    10
  ],
  "t0_plateau_min": 13.0,
  "t0_plateau_max": 20.0,
  "omega_pct_err": 0.2707054432021555,
  "tau_pct_err": 1.3096912442690418,
  "omega_theory": 0.3737,
  "tau_theory": 11.241,
  "omega_dim": 0.37471162624124643,
  "tau_dim": 11.093777607231717,
  "M_used": 1.0
}