{
  "omega": 0.3732304919424435,
  "tau": 11.130084542531545,
  "omega_std": 0.00012508926631814068,
  "tau_std": 0.02762070144013906,
  "t_starts": [
    10.0,
    11.142857142857142,
    12.285714285714285,
    13.428571428571429,
    14.571428571428571,
    15.714285714285714,
    16.857142857142858,
    18.0
  ],
  "t_ends": [
    40.0,
    42.5,
    45.0,
    47.5,
    50.0
  ],
  "omegas_grid": [
    [
      0.3727491261253549,
      0.3728172796547449,
      0.3730206373768304,
      0.372974332279435,
      0.05000000000000001,
      0.05000003037531728,
      0.253393431330494,
      0.3581599651203516
    ],
    [
      0.3728901814769159,
      0.37294352823284443,
      0.372966745299248,
      0.3729654623560685,
      0.5830795252366203,
      0.05000000000003742,
      0.05000196849276547,
      0.05000369631394384
    ],
    [
      0.3728248535439236,
      0.3729248737088918,
      0.37292660357381124,
      0.5136353415847403,
      0.48648815543819024,
      0.3776671130613403,
      0.13261838424148795,
      0.14676143735719344
    ],
    [
      0.37307273226933013,
      0.3731445532822019,
      0.3731438443631341,
      0.37307842745922054,
      0.4436080750631086,
      0.3724746865643879,
      0.1701408731576585,
      0.18955307572906105
    ],
    [
      0.37340347170428123,
      0.3733501062486743,
      0.3733215975330668,
      0.3733292026796393,
      0.37330359854717626,
      0.3690558268033999,
      0.15159198674194396,
      0.3739475674266551
    ]
  ],
  "taus_grid": [
    [
      11.29698045485767,
      11.295415482676493,
      11.271783084707263,
      11.231930848990972,
      49.999997047221974,
      49.99999999932995,
      49.99999999999999,
      15.177449511451291
    ],
    [
      11.154493219672982,
      11.175917124846187,
      11.1903380986193,
      11.198188793645537,
      49.99999999999995,
      49.99999992798339,
      21.183171274917633,
      13.732422002140922
    ],
    [
      11.104681790003944,
      11.123344343473974,
      11.131439819704886,
      11.995074387389918,
      49.99999999999999,
      49.99999999999385,
      49.99999999999917,
      20.00257266217667
    ],
    [
      11.086620356287698,
      11.109437403271759,
      11.115070430063676,
      11.112735356405576,
      49.99999999947479,
      49.99999999903708,
      49.99999991991739,
      49.880975311301626
    ],
    [
      11.128791587831728,
      11.155679187744683,
      11.166439095097731,
      11.165902923549515,
      11.16264643451656,
      49.99999999890594,
      33.83160989442487,
      11.222100938510845
    ]
  ],
  "plateau_t0_idx": [
    0,
    1,
    2,
    3
  ],
  "plateau_te_idx": [
    3,
    4
  ],
  "t0_plateau_min": 10.0,
  "t0_plateau_max": 13.428571428571429,
  "te_plateau_min": 47.5,
  "te_plateau_max": 50.0,
  "omega_pct_err": 0.1256376926830257,
  "tau_pct_err": 0.986704541130278,
  "omega_theory": 0.3737,
  "tau_theory": 11.241,
  "omega_dim": 0.3732304919424435,
  "tau_dim": 11.130084542531545,
  "M_used": 1.0
}