{
  "omega": 0.37333308975090995,
  "tau": 11.161838189812775,
  "omega_std": 1.7052091131541924e-05,
  "tau_std": 0.006514207084963191,
  "omega1": 0.5169749112288148,
  "tau1": 6.115574839776492,
  "omega1_std": 0.009975882666271618,
  "tau1_std": 0.10596902181438028,
  "t_starts": [
    10.0,
    10.727272727272727,
    11.454545454545455,
    12.181818181818182,
    12.90909090909091,
    13.636363636363637,
    14.363636363636363,
    15.09090909090909,
    15.818181818181818,
    16.545454545454547,
    17.272727272727273,
    18.0
  ],
  "omegas": [
    0.37340347170428123,
    0.3733678692460136,
    0.37333841793511724,
    0.37332239019243707,
    0.3733241742416188,
    0.3733300093234391,
    0.37331567756683387,
    0.3664193443310154,
    0.3693672323401697,
    0.15110501393422057,
    0.14421958710456595,
    0.3739475674266551
  ],
  "taus": [
    11.128791587831728,
    11.147982854738643,
    11.160426899496157,
    11.16622027619037,
    11.166152068982349,
    11.16591354929101,
    11.164333490178109,
    49.999999932158744,
    49.99999999027643,
    49.999999770448056,
    18.197398598246995,
    11.222100938510845
  ],
  "omegas1": [
    0.47645006966063086,
    0.49606967573289473,
    0.5139820816392869,
    0.5241054883845803,
    0.5239106750841148,
    0.5232768035267288,
    0.5205047430052828,
    0.3723657178964198,
    0.37248816358268777,
    0.3736519596130749,
    0.37382583796760227,
    0.12115433014810906
  ],
  "taus1": [
    6.682633490547527,
    6.287773314884215,
    6.098615807540632,
    6.067021214051805,
    6.044966163903139,
    5.976204372753819,
    6.218868165525343,
    11.313539507120248,
    11.337935659002413,
    11.251388332292999,
    11.242482960242848,
    10.249913010088795
  ],
  "plateau_idx": [
    1,
    2,
    3,
    4,
    5,
    6
  ],
  "t0_plateau_min": 10.727272727272727,
  "t0_plateau_max": 14.363636363636363,
  "omega_pct_err": 0.09818310117474564,
  "tau_pct_err": 0.7042239141288578,
  "omega_theory": 0.3737,
  "tau_theory": 11.241,
  "omega_dim": 0.37333308975090995,
  "tau_dim": 11.161838189812775,
  "M_used": 1.0
}