{
  "RMSD": 0.22991192670149574,
  "MAD": 0.08972527812676294,
  "RL2": 1.6306338195454857
}