{
  "RMSD": 0.0010658760850112672,
  "MAD": 0.0006752126147046156,
  "RL2": 0.007559649543195292
}