{
  "omega": 0.37959220828515217,
  "tau": 11.489869802088961,
  "A": 2.0046353680089237,
  "phi": -0.9484788898524836,
  "omega_pct_err": 1.5767215106107009,
  "tau_pct_err": 2.213947176309594,
  "omega_theory": 0.3737,
  "tau_theory": 11.241
}