{
  "omega": 0.371136908520255,
  "tau": 10.92027638076429,
  "omega_pct_err": 0.6858687395624788,
  "tau_pct_err": 2.8531591427427188,
  "omega_theory": 0.3737,
  "tau_theory": 11.241
}