{
  "omega": 0.37964080546651224,
  "tau": 8.374383106130926,
  "A": 2.861878763899548,
  "phi": -1.1301115899419931,
  "omega_pct_err": 1.589725840650861,
  "tau_pct_err": 25.501440208781013,
  "omega_theory": 0.3737,
  "tau_theory": 11.241
}