{
  "omega": 0.3303288001172223,
  "tau": 6.662676607000302,
  "omega_pct_err": 11.605887043825973,
  "tau_pct_err": 40.72879097055153,
  "omega_theory": 0.3737,
  "tau_theory": 11.241
}