{
  "RMSD": 0.0005544161389529808,
  "MAD": 0.0002606853154597876,
  "RL2": 0.0039274521065311195
}