{
  "RMSD": 0.0009758506756838937,
  "MAD": 0.000597275623386995,
  "RL2": 0.006921150796419811
}