{
  "RMSD": 0.0013221582358482304,
  "MAD": 0.0009326006062982778,
  "RL2": 0.00938264913437816
}