{
  "RMSD": 0.0009198929138547182,
  "MAD": 0.0006180548217778165,
  "RL2": 0.006527791817012718
}