{
  "omega": 0.3711303009589022,
  "tau": 10.81100579088425,
  "omega_pct_err": 0.6876368854957915,
  "tau_pct_err": 3.8252309324415035,
  "omega_theory": 0.3737,
  "tau_theory": 11.241
}