{
  "omega": 0.3796270483558263,
  "tau": 11.458063783359185,
  "A": 2.0111733005349373,
  "phi": -0.9499549180662631,
  "omega_pct_err": 1.5860445158753824,
  "tau_pct_err": 1.931000652603728,
  "omega_theory": 0.3737,
  "tau_theory": 11.241
}