{
  "omega": 0.3750556596993434,
  "tau": 10.3886439666275,
  "A": 2.4589817517571597,
  "phi": -0.8494391741426788,
  "omega_pct_err": 0.3627668448871891,
  "tau_pct_err": 7.582564125722799,
  "omega_theory": 0.3737,
  "tau_theory": 11.241,
  "t_start_used": 14.0,
  "t_end_used": 50.0,
  "m4_plateau_min": 14.0,
  "m4_plateau_max": 21.0
}