{
  "omega": 0.3712965758024874,
  "tau": 10.816199984394068,
  "omega_std": 0.0006538089602626359,
  "tau_std": 0.0817148082335367,
  "t_starts": [
    10.0,
    11.666666666666666,
    13.333333333333334,
    15.0,
    16.666666666666668,
    18.333333333333336,
    20.0,
    21.666666666666668,
    23.333333333333336,
    25.0
  ],
  "t_ends": [
    30.0,
    34.0,
    38.0,
    42.0,
    46.0,
    50.0
  ],
  "omegas_grid": [
    [
      0.37110395734340046,
      0.37130845548927294,
      0.3711891018976451,
      0.37211154740904123,
      0.062179243076087465,
      0.36756205183728563,
      0.35052627275195075,
      NaN,
      NaN,
      NaN
    ],
    [
      0.3717321252815789,
      0.3723891904578627,
      0.3728657936730717,
      0.3732250447601664,
      0.37331300143562973,
      0.7091103460692466,
      NaN,
      0.5144411365427035,
      0.3739873537302753,
      NaN
    ],
    [
      0.3717955366266146,
      0.37218739715235555,
      0.3729798703720115,
      0.3729110267835678,
      0.3712782021142719,
      NaN,
      0.37103237694775887,
      0.3705068194217159,
      0.05000000427993293,
      NaN
    ],
    [
      0.37168201887352065,
      0.3719199354619217,
      0.3723558965558681,
      0.37151069526614394,
      0.3707177518341636,
      0.37073597587019397,
      0.3705590011553714,
      NaN,
      0.34425803843971536,
      0.6981373898733576
    ],
    [
      0.3716904283445809,
      0.37193015600646695,
      0.37228830408775027,
      0.3718662556642905,
      0.37093972574004924,
      0.37038995407483044,
      0.37064706945090037,
      0.3706819077554806,
      0.0555765409677102,
      0.050000066558278815
    ],
    [
      0.3716746011861132,
      0.3718845288018334,
      0.3721863080106067,
      0.37189200174164416,
      0.37132538938436827,
      0.37120194682738256,
      0.3708323613737475,
      0.371062404311919,
      0.21270316193451802,
      0.2807245344892644
    ]
  ],
  "taus_grid": [
    [
      10.57357199063337,
      10.556083853611813,
      10.549793672344359,
      10.671448120536564,
      15.698344745631864,
      11.720866828442276,
      49.88778610626365,
      NaN,
      NaN,
      NaN
    ],
    [
      10.596316854269013,
      10.570991176772669,
      10.624395816333088,
      10.72878149115128,
      10.71829953229984,
      12.14414806362443,
      NaN,
      16.45252699893198,
      10.594009106356308,
      NaN
    ],
    [
      10.62824161294091,
      10.63846933474693,
      10.713265288180931,
      10.909972786783344,
      10.925699445295603,
      NaN,
      10.909439615337721,
      10.84588753704183,
      39.185536947623795,
      NaN
    ],
    [
      10.636728559311926,
      10.649958629289006,
      10.722654325885433,
      11.00190287460231,
      10.906219942348683,
      10.907664833871786,
      10.88283939519268,
      NaN,
      49.9999793244188,
      17.21030600955195
    ],
    [
      10.643015961975127,
      10.654628360291104,
      10.709084441993408,
      10.835949141362436,
      10.838020644260373,
      10.787274820283619,
      10.743888474607992,
      10.74308010594207,
      49.99999828229899,
      49.87944297372899
    ],
    [
      10.643862997714331,
      10.655752423217681,
      10.707652981862251,
      10.819571015812258,
      10.821160144185557,
      10.818953207540913,
      10.740163522101282,
      10.698406861059222,
      49.99999999999999,
      49.99999988213326
    ]
  ],
  "plateau_t0_idx": [
    2,
    3,
    4,
    5,
    6
  ],
  "plateau_te_idx": [
    3,
    4,
    5
  ],
  "t0_plateau_min": 13.333333333333334,
  "t0_plateau_max": 20.0,
  "te_plateau_min": 42.0,
  "te_plateau_max": 50.0,
  "omega_pct_err": 0.6431426806295288,
  "tau_pct_err": 3.779023357405319,
  "omega_theory": 0.3737,
  "tau_theory": 11.241
}