{
  "omega": 0.3713009027049795,
  "tau": 10.777547714670622,
  "omega_std": 0.0004956933555079507,
  "tau_std": 0.043233677545770684,
  "t_starts": [
    10.0,
    11.0,
    12.0,
    13.0,
    14.0,
    15.0,
    16.0,
    17.0,
    18.0,
    19.0,
    20.0,
    21.0,
    22.0,
    23.0,
    24.0,
    25.0
  ],
  "omegas": [
    0.3716746011861132,
    0.3717985273563334,
    0.37192770374231765,
    0.3721093435225056,
    0.37224630987921115,
    0.37189200174164416,
    0.37121087146878073,
    0.37132943737774576,
    0.37128690878257326,
    0.370778655374029,
    0.3708323613737475,
    0.37083067564210453,
    0.3712107783809351,
    0.15132690402562649,
    0.2603072400749539,
    0.2807245344892644
  ],
  "taus": [
    10.643862997714331,
    10.648709880293012,
    10.660457405518144,
    10.688695841814003,
    10.746082157364233,
    10.819571015812258,
    10.817781942586084,
    10.821196709926966,
    10.820707725276648,
    10.71345587473862,
    10.740163522101282,
    10.741422769558879,
    10.705719415269023,
    49.999999992959296,
    49.99999995528278,
    49.99999988213326
  ],
  "omegas1": [
    0.6298286943285328,
    0.6435147500322421,
    0.6520275014439609,
    0.6345854667706288,
    0.5718332063407591,
    0.4881102280324581,
    0.4104085587163481,
    0.4278985512763875,
    0.42003588805400915,
    0.05000000892027239,
    0.05000000000000247,
    0.05000000000000001,
    0.05000000000000009,
    0.37157396024586065,
    0.37212758904919496,
    0.3721767172824691
  ],
  "taus1": [
    2.511903312824715,
    2.5658710974609495,
    2.74284018314194,
    3.1642596682667645,
    3.5681233624425737,
    3.4055347981243727,
    2.8367175224663868,
    2.8294471853430503,
    2.8315413014639024,
    2.842393068398345,
    2.751578841090435,
    2.774058545102676,
    8.437571098883586,
    10.751910981873145,
    10.848298090921983,
    10.894233589240638
  ],
  "plateau_idx": [
    4,
    5,
    6,
    7,
    8,
    9,
    10,
    11
  ],
  "t0_plateau_min": 14.0,
  "t0_plateau_max": 21.0,
  "omega_pct_err": 0.641984826069165,
  "tau_pct_err": 4.1228741689296164,
  "omega_theory": 0.3737,
  "tau_theory": 11.241
}