{
  "omega": 0.37757823266185947,
  "tau": 10.450960788328034,
  "K": 4,
  "all_omegas": [
    -0.05526694507451486,
    0.37757823266185947,
    0.01896630820400428,
    0.008440444208254707
  ],
  "all_taus": [
    0.8724748252863604,
    10.450960788328034,
    Infinity,
    Infinity
  ],
  "all_amps": [
    1.1027486800145195e-66,
    3.786474508404026e-40,
    2.6609614860836712e-24,
    4.519051760672646e-44
  ],
  "omega_pct_err": 1.0377930591007474,
  "tau_pct_err": 7.028193325077532,
  "omega_theory": 0.3737,
  "tau_theory": 11.241
}