{
  "omega": 0.42902855658537975,
  "tau": 54.53495651968571,
  "omega_std": 0.13958851591321556,
  "tau_std": 29.429535710212487,
  "t_starts": [
    10.0,
    11.0,
    12.0,
    13.0,
    14.0,
    15.0,
    16.0,
    17.0,
    18.0,
    19.0,
    20.0,
    21.0,
    22.0,
    23.0,
    24.0,
    25.0
  ],
  "omegas": [
    0.3707271116744658,
    0.36993606469304696,
    0.3699589961368471,
    0.06489299425731605,
    0.05000000000000001,
    0.7047807627535992,
    0.0594545244687987,
    0.08352484992093015,
    0.5187401057420669,
    0.5622048453447719,
    0.5775924822888119,
    0.5707535415023245,
    0.21133480637258023,
    0.30416152556877724,
    0.271605787962969,
    0.41583535790073634
  ],
  "taus": [
    10.912610811785221,
    10.843318128868358,
    10.846723966461377,
    16.32494620347902,
    13.107833141297204,
    15.27949696932977,
    17.71388568053418,
    49.99999997803925,
    49.99999999999999,
    49.99999999999987,
    49.99999999991418,
    49.99999999999999,
    99.99999999999999,
    99.99999999999999,
    23.7596951810367,
    12.519956976534962
  ],
  "omegas1": [
    0.5769945726794126,
    0.5210055787266069,
    0.525898941262928,
    0.37129536575102284,
    0.37047360676975294,
    0.3733084634760155,
    0.37081289911982124,
    0.3706093468795423,
    0.36646857935386135,
    0.36780151216122486,
    0.3682740842331472,
    0.3679167482065233,
    0.3814889102023528,
    0.3852013819321931,
    0.3965332244911161,
    0.26252157267723675
  ],
  "taus1": [
    2.890865231057438,
    2.6496555128900128,
    2.6155879775628716,
    10.38797894309928,
    10.32849875750941,
    10.89580427182085,
    10.456143414632587,
    10.601387026685357,
    10.344648189255294,
    10.269596570207128,
    10.231820641818313,
    10.235037191353099,
    11.560948695626248,
    16.22493635199902,
    14.750476614021014,
    10.120816778052959
  ],
  "plateau_idx": [
    8,
    9,
    10,
    11,
    12,
    13,
    14,
    15
  ],
  "t0_plateau_min": 18.0,
  "t0_plateau_max": 25.0,
  "omega_pct_err": 14.805607863360926,
  "tau_pct_err": 385.1432836908256,
  "omega_theory": 0.3737,
  "tau_theory": 11.241
}