{
  "omega": 0.3696449064477236,
  "tau": 10.383198600466113,
  "omega_pct_err": 1.085120030044528,
  "tau_pct_err": 7.631006134097386,
  "omega_theory": 0.3737,
  "tau_theory": 11.241
}