{
  "omega": 0.3798903335813308,
  "tau": 11.520456790567206,
  "A": 2.001301303472891,
  "phi": -0.953689936540334,
  "omega_pct_err": 1.6564981486033743,
  "tau_pct_err": 2.4860491999573533,
  "omega_theory": 0.3737,
  "tau_theory": 11.241
}