{
  "omega": 0.40243481193965297,
  "tau": 8.785133702421682,
  "omega_pct_err": 7.689272662470698,
  "tau_pct_err": 21.847400565593077,
  "omega_theory": 0.3737,
  "tau_theory": 11.241
}