{
  "omega": NaN,
  "tau": NaN,
  "omega_std": NaN,
  "tau_std": NaN,
  "t_starts": [
    10.0,
    11.666666666666666,
    13.333333333333334,
    15.0,
    16.666666666666668,
    18.333333333333336,
    20.0,
    21.666666666666668,
    23.333333333333336,
    25.0
  ],
  "t_ends": [
    30.0,
    34.0,
    38.0,
    42.0,
    46.0,
    50.0
  ],
  "omegas_grid": [
    [
      0.40478663363505835,
      0.39378543286876155,
      NaN,
      0.3836312503867611,
      0.4053745672070187,
      0.834064571772613,
      0.40492867783162506,
      NaN,
      NaN,
      NaN
    ],
    [
      0.40476337009089197,
      0.7657014005095021,
      0.36390719956936335,
      0.05000000002072029,
      0.8131463086813645,
      0.40487841959958243,
      NaN,
      0.40469537758977747,
      0.4024712222211199,
      NaN
    ],
    [
      0.4049229577573452,
      0.7736558710033455,
      0.5344903766059065,
      0.4049852398069757,
      NaN,
      0.7098742913365295,
      0.3913487536387497,
      0.5095975147544699,
      0.25310438891718734,
      NaN
    ],
    [
      0.4049481840007627,
      0.40487725660874024,
      0.7306851137946455,
      0.7306147890747677,
      0.4047913358098799,
      0.820588599051034,
      0.7283848840727742,
      0.7284549969743883,
      0.7320036608808631,
      0.7322804794178085
    ],
    [
      0.40493319130977995,
      0.4048640803013489,
      NaN,
      0.7343663636812567,
      0.40472331707012416,
      NaN,
      0.7333996171424609,
      0.7345257467284242,
      NaN,
      0.7363097778163964
    ],
    [
      0.4048192873725871,
      0.7996094343081694,
      NaN,
      0.40499677353216007,
      0.6625475929919179,
      NaN,
      NaN,
      0.7388855236411038,
      0.7406849270071254,
      0.6634957727493421
    ]
  ],
  "taus_grid": [
    [
      8.620660379555556,
      49.85143938403705,
      NaN,
      49.999999843761145,
      9.002576971483508,
      49.9999392121821,
      8.819490841942473,
      NaN,
      NaN,
      NaN
    ],
    [
      8.625543356568215,
      49.99999999999999,
      39.293717534907195,
      49.99999996621597,
      49.99999999999931,
      8.659719210558539,
      NaN,
      8.785784288008204,
      8.966496869907454,
      NaN
    ],
    [
      8.63139750965036,
      49.999999999999844,
      99.99999999999787,
      8.648311616402381,
      NaN,
      49.999999998983945,
      49.99999802608782,
      11.412334577353556,
      11.152639188501057,
      NaN
    ],
    [
      8.630427620490506,
      8.623358720860699,
      49.99999999999999,
      49.99999999999999,
      8.604721207317949,
      49.99999999999745,
      49.999999999992944,
      49.99999999972917,
      49.99999999938954,
      49.99999999999999
    ],
    [
      8.628282128168356,
      8.617897792668334,
      NaN,
      49.99999999999999,
      8.598313285237236,
      NaN,
      49.99999999999997,
      49.99999999999999,
      NaN,
      49.999999997034834
    ],
    [
      8.625625571854092,
      49.999954120727196,
      NaN,
      8.622226555321355,
      49.99999999999999,
      NaN,
      NaN,
      49.99999999999988,
      49.99999999999179,
      49.99999999629408
    ]
  ],
  "plateau_t0_idx": [],
  "plateau_te_idx": [],
  "t0_plateau_min": NaN,
  "t0_plateau_max": NaN,
  "te_plateau_min": NaN,
  "te_plateau_max": NaN,
  "omega_pct_err": NaN,
  "tau_pct_err": NaN,
  "omega_theory": 0.3737,
  "tau_theory": 11.241
}