{
  "omega": 0.4049605334840572,
  "tau": 8.625207085986235,
  "A": 2.9637714055578144,
  "phi": -1.375144658943184,
  "omega_pct_err": 8.365141419335623,
  "tau_pct_err": 23.270108655935996,
  "omega_theory": 0.3737,
  "tau_theory": 11.241,
  "t_start_used": 10.0,
  "t_end_used": 50.0,
  "m4_plateau_min": 10.0,
  "m4_plateau_max": 17.0
}