{
  "omega": NaN,
  "tau": NaN,
  "omega_std": NaN,
  "tau_std": NaN,
  "t_starts": [
    10.0,
    11.0,
    12.0,
    13.0,
    14.0,
    15.0,
    16.0,
    17.0,
    18.0,
    19.0,
    20.0,
    21.0,
    22.0,
    23.0,
    24.0,
    25.0
  ],
  "omegas": [
    0.4048192873725871,
    0.7975951455431641,
    0.4048279072662256,
    0.4047465631922179,
    NaN,
    0.40499677353216007,
    0.8570934807286564,
    NaN,
    NaN,
    NaN,
    NaN,
    0.7378396235059327,
    0.7394120960460502,
    0.7405626716256704,
    0.6618434058390406,
    0.6634957727493421
  ],
  "taus": [
    8.625625571854092,
    49.99999999999999,
    8.62029843266671,
    8.62350408617385,
    NaN,
    8.622226555321355,
    49.99999999999999,
    NaN,
    NaN,
    NaN,
    NaN,
    49.99999999999897,
    49.9999999999837,
    49.99999999999999,
    49.99999999994112,
    49.99999999629408
  ],
  "omegas1": [
    0.4931003293848674,
    0.40479661864452987,
    0.8899665981489067,
    0.8612739922077075,
    NaN,
    0.7624268628678038,
    0.4044969788387,
    NaN,
    NaN,
    NaN,
    NaN,
    0.40495508935534563,
    0.4047861661583865,
    0.40449629130794734,
    0.4035623423779264,
    0.40385648545849534
  ],
  "taus1": [
    1.2937257092754944,
    8.617277757680041,
    2.0600595013310112,
    1.508227458656996,
    NaN,
    1.6995016316654241,
    8.625624428593316,
    NaN,
    NaN,
    NaN,
    NaN,
    8.576252631594803,
    8.59842370431923,
    8.614800313319119,
    8.666195021104215,
    8.670758038395816
  ],
  "plateau_idx": [
    0,
    1,
    2,
    3,
    4,
    5,
    6,
    7
  ],
  "t0_plateau_min": 10.0,
  "t0_plateau_max": 17.0,
  "omega_pct_err": NaN,
  "tau_pct_err": NaN,
  "omega_theory": 0.3737,
  "tau_theory": 11.241
}