{
  "RMSD": 0.004864932649245204,
  "MAD": 0.0033516667193740934,
  "RL2": 0.03450418523946299,
  "M_true": 1.0,
  "M_init": 0.8,
  "M_learned": 1.0144064317259174,
  "M_err_pct": 1.440643172591738,
  "omega_true": 0.3737,
  "omega0_init": 0.3,
  "omega0_learned": 0.34958853319851335,
  "omega0_err_pct": 6.452091731733109,
  "tau_true": 11.241,
  "tau0_init": 8.0,
  "tau0_learned": 9.215191592217694,
  "tau0_err_pct": 18.021603129457393,
  "A0_learned": 2.516135863295922,
  "phi0_learned": 0.3118838700499127,
  "omega1_init": 0.28,
  "omega1_learned": 0.38095407741448567,
  "tau1_init": 4.7,
  "tau1_learned": 7.379370447424433,
  "A1_init": 0.25,
  "A1_learned": 3.244578591750518,
  "phi1_init": 0.0,
  "phi1_learned": -1.902395829464042,
  "noise_level": 0.01
}