{
  "truth": {
    "M_true": 1.0,
    "M_init": 1.2,
    "omega_true": 0.3737,
    "tau_true": 11.241,
    "source": "Leaver 1985 continued-fraction Schwarzschild l=2 fundamental"
  },
  "forward_field_metrics": {
    "run": "zerilli_l2_greedy_f03_lbfgs30k",
    "RMSD": 0.0008167511024456839,
    "MAD": 0.0004986152172070367,
    "RL2": 0.005792748505509903
  },
  "forward_qnm": {
    "run": "zerilli_l2_greedy_f03_lbfgs30k",
    "methods": {
      "M1_fft_loglinear": {
        "omega": 0.37116135121474414,
        "tau": 10.92264504499285,
        "omega_pct_err": 0.6793280131805827,
        "tau_pct_err": 2.832087492279602,
        "window": "[10,50]M"
      },
      "M2_nls_wide": {
        "omega": 0.3794473492961762,
        "tau": 11.464820050993966,
        "omega_pct_err": 1.5379580669457338,
        "tau_pct_err": 1.9911044479491709,
        "window": "[10,50]M"
      },
      "M2_nls_on_m4_plateau": {
        "omega": 0.3748665101745208,
        "tau": 10.411915013954692,
        "omega_pct_err": 0.3121515050898572,
        "tau_pct_err": 7.3755447562077,
        "window": "M4 plateau window"
      },
      "M3_esprit": {
        "K": 6,
        "omega": 0.4829193792013281,
        "tau": 7.837326546503177,
        "omega_pct_err": 29.22648627276643,
        "tau_pct_err": 30.27909842093073,
        "max_amp": 8.033510553035189e-24,
        "ill_conditioned": true
      },
      "M4_two_mode_plateau": {
        "omega": 0.37359325998766907,
        "omega_std": 0.00019563463562584339,
        "tau": 10.94278077566661,
        "tau_std": 0.022559956884523554,
        "omega_pct_err": 0.02856302176368963,
        "tau_pct_err": 2.6529599175641896,
        "t0_plateau_min": 14.0,
        "t0_plateau_max": 21.0
      },
      "M5_two_mode_2d_plateau": {
        "omega": 0.37283857694261024,
        "omega_std": 0.0008375877600890503,
        "tau": 10.801991178802952,
        "tau_std": 0.11971580424394104,
        "omega_pct_err": 0.23051192330471823,
        "tau_pct_err": 3.905424972840918,
        "t0_plateau_min": 10.0,
        "t0_plateau_max": 16.666666666666668,
        "te_plateau_min": 42.0,
        "te_plateau_max": 50.0
      }
    }
  },
  "inverse": {
    "baseline": {
      "run": "zerilli_l2_inverse_qnm",
      "field_metrics": {
        "RMSD": 0.004986761224928041,
        "MAD": 0.003358390155874381,
        "RL2": 0.03536824565836164
      },
      "mass": {
        "M_learned": 1.0040659456821028,
        "M_true": 1.0,
        "M_pct_err": 0.4065945682102834
      },
      "headline_omega_M4": {
        "omega": 0.3791549496277681,
        "sigma_omega": 0.16555708675652914,
        "omega_pct_err": 1.4597135744629655,
        "t0_plateau_min": 10.0,
        "t0_plateau_max": 17.0,
        "plateau_failed": true
      },
      "headline_tau_M2_wide": {
        "tau": 11.833043431175557,
        "tau_pct_err": 5.266821734503672,
        "window": "[10,50]M"
      },
      "learned_template": {
        "kind": "single_mode",
        "M_learned": 1.0040659456821028,
        "omega_learned": 0.3820498899674755,
        "tau_learned": 11.88935404841552,
        "A_ring": 1.9163212948086947,
        "phi0": -0.9874302020281462
      },
      "qnm_methods": {
        "M1_fft_loglinear": {
          "omega": 0.37752337093443916,
          "tau": 11.41177738158383,
          "omega_pct_err": 1.023112372073638,
          "tau_pct_err": 1.5192365588811536,
          "window": "[10,50]M"
        },
        "M2_nls_wide": {
          "omega": 0.3818579960003637,
          "tau": 11.833043431175557,
          "omega_pct_err": 2.1830334493882018,
          "tau_pct_err": 5.266821734503672,
          "window": "[10,50]M"
        },
        "M2_nls_on_m4_plateau": {
          "omega": 0.3818579960003637,
          "tau": 11.833043431175557,
          "omega_pct_err": 2.1830334493882018,
          "tau_pct_err": 5.266821734503672,
          "window": "M4 plateau window"
        },
        "M4_two_mode_plateau": {
          "omega": 0.3791549496277681,
          "omega_std": 0.16555708675652914,
          "tau": 16.03041293929068,
          "tau_std": 7.857387438317025,
          "omega_pct_err": 1.4597135744629655,
          "tau_pct_err": 42.606644776182556,
          "t0_plateau_min": 10.0,
          "t0_plateau_max": 17.0
        },
        "M5_two_mode_2d_plateau": {
          "omega": 0.4062001825139048,
          "omega_std": 0.07200825884585908,
          "tau": 15.112096003987183,
          "tau_std": 9.202799406325818,
          "omega_pct_err": 8.696864467194219,
          "tau_pct_err": 34.43729209133692,
          "t0_plateau_min": 10.0,
          "t0_plateau_max": 16.666666666666668,
          "te_plateau_min": 34.0,
          "te_plateau_max": 42.0
        }
      }
    },
    "A_tring18": {
      "run": "zerilli_l2_inverse_qnm_tring18",
      "field_metrics": {
        "RMSD": 0.004122934716957024,
        "MAD": 0.0030392430989385926,
        "RL2": 0.029241618221820503
      },
      "mass": {
        "M_learned": 0.9955042369055942,
        "M_true": 1.0,
        "M_pct_err": 0.44957630944058025
      },
      "headline_omega_M4": {
        "omega": 0.3703638004015028,
        "sigma_omega": 0.00022950859154004705,
        "omega_pct_err": 0.892748086298416,
        "t0_plateau_min": 10.0,
        "t0_plateau_max": 17.0,
        "plateau_failed": false
      },
      "headline_tau_M2_wide": {
        "tau": 11.289339788961335,
        "tau_pct_err": 0.4300310378199068,
        "window": "[10,50]M"
      },
      "learned_template": {
        "kind": "single_mode",
        "M_learned": 0.9955042369055942,
        "omega_learned": 0.37038131906825095,
        "tau_learned": 10.097266456871855,
        "A_ring": 2.592241409183322,
        "phi0": -0.724210894803921
      },
      "qnm_methods": {
        "M1_fft_loglinear": {
          "omega": 0.3704984025165831,
          "tau": 10.442472220399903,
          "omega_pct_err": 0.8567293239006858,
          "tau_pct_err": 7.10370767369537,
          "window": "[10,50]M"
        },
        "M2_nls_wide": {
          "omega": 0.37995042684384833,
          "tau": 11.289339788961335,
          "omega_pct_err": 1.6725787647440076,
          "tau_pct_err": 0.4300310378199068,
          "window": "[10,50]M"
        },
        "M2_nls_on_m4_plateau": {
          "omega": 0.37995042684384833,
          "tau": 11.289339788961335,
          "omega_pct_err": 1.6725787647440076,
          "tau_pct_err": 0.4300310378199068,
          "window": "M4 plateau window"
        },
        "M4_two_mode_plateau": {
          "omega": 0.3703638004015028,
          "omega_std": 0.00022950859154004705,
          "tau": 10.318266803120082,
          "tau_std": 0.02207362023917662,
          "omega_pct_err": 0.892748086298416,
          "tau_pct_err": 8.208639772973203,
          "t0_plateau_min": 10.0,
          "t0_plateau_max": 17.0
        },
        "M5_two_mode_2d_plateau": {
          "omega": 0.3703461845409575,
          "omega_std": 0.00037591911466936846,
          "tau": 10.360631830100024,
          "tau_std": 0.0666806465185523,
          "omega_pct_err": 0.8974619906455588,
          "tau_pct_err": 7.831760251756744,
          "t0_plateau_min": 10.0,
          "t0_plateau_max": 16.666666666666668,
          "te_plateau_min": 42.0,
          "te_plateau_max": 50.0
        }
      }
    },
    "B_lring100": {
      "run": "zerilli_l2_inverse_qnm_lring100",
      "field_metrics": {
        "RMSD": 0.00967350181174443,
        "MAD": 0.005155228982269742,
        "RL2": 0.06860861649924305
      },
      "mass": {
        "M_learned": 0.9875070101557669,
        "M_true": 1.0,
        "M_pct_err": 1.2492989844233082
      },
      "headline_omega_M4": {
        "omega": NaN,
        "sigma_omega": NaN,
        "omega_pct_err": NaN,
        "t0_plateau_min": 10.0,
        "t0_plateau_max": 17.0,
        "plateau_failed": true
      },