{
  "RMSD": 0.0037717268847468283,
  "MAD": 0.0025277435553099133,
  "RL2": 0.02670867945364385
}