{
  "RMSD": 0.004171298282899971,
  "MAD": 0.00303349448561245,
  "RL2": 0.02958463333805142,
  "M_true": 1.0,
  "M_init": 0.8,
  "M_learned": 1.0033520371556746,
  "M_err_pct": 0.3352037155674559,
  "omega_true": 0.3737,
  "omega_init": 0.3,
  "omega_learned": 0.37483213447907565,
  "omega_err_pct": 0.3029527640020538,
  "tau_true": 11.241,
  "tau_init": 8.0,
  "tau_learned": 9.478260198267543,
  "tau_err_pct": 15.68134331227165,
  "A_ring_learned": 2.9349657762073447,
  "phi0_learned": -0.8516409181747201,
  "noise_level": 0.01
}