{
  "omega": 0.3653551231203031,
  "tau": 15.5046412409913,
  "omega_std": 0.0892801124032263,
  "tau_std": 10.151438897569733,
  "t_starts": [
    10.0,
    11.666666666666666,
    13.333333333333334,
    15.0,
    16.666666666666668,
    18.333333333333336,
    20.0,
    21.666666666666668,
    23.333333333333336,
    25.0
  ],
  "t_ends": [
    30.0,
    34.0,
    38.0,
    42.0,
    46.0,
    50.0
  ],
  "omegas_grid": [
    [
      0.37694407945116754,
      0.3789763295039604,
      0.3771927448606812,
      0.5511057200482538,
      0.7555359667878233,
      NaN,
      0.5514989413949499,
      0.346093728309475,
      NaN,
      NaN
    ],
    [
      0.3786831230028037,
      0.37983800713121163,
      0.5059637913986206,
      0.6303455493604645,
      0.6825133485573541,
      0.38177161746381594,
      NaN,
      0.5056833673042386,
      0.3831991729485692,
      NaN
    ],
    [
      0.3784617608410337,
      0.37974918935194174,
      0.49746781305053317,
      0.38568226151598706,
      0.3840744412522568,
      0.38146623806567287,
      0.3809845145613338,
      0.3810313367151413,
      0.38060779601993633,
      NaN
    ],
    [
      0.3785391929408602,
      0.3795714633904832,
      0.37795390642855814,
      0.3771800931586048,
      0.37762255831819486,
      0.37788800241772874,
      0.3779995250195965,
      0.05000000012029791,
      0.0500000003073524,
      0.05000000000002556
    ],
    [
      0.3786812962457352,
      0.3796154903987865,
      0.37799657246069407,
      0.3777308074508764,
      0.05000000000000001,
      0.05000000000000001,
      0.05000000000000001,
      0.4829926841654187,
      0.37387027274071033,
      0.45482903697361876
    ],
    [
      0.37888332718989587,
      0.37968118796449996,
      0.3782660039773784,
      0.37853990402764903,
      0.6961420269155513,
      0.7016750832559174,
      0.7086041168579645,
      0.20616012211857843,
      0.385243907699108,
      0.3858072810732799
    ]
  ],
  "taus_grid": [
    [
      10.602593402404052,
      11.480393738645532,
      11.444693340093304,
      49.99999017266601,
      49.99999994995996,
      NaN,
      99.96219601418237,
      11.878330100940383,
      NaN,
      NaN
    ],
    [
      11.41417930634903,
      11.508933308264853,
      99.99999999985862,
      12.71334327629829,
      29.69605585955802,
      11.50679732812212,
      NaN,
      12.690396943116726,
      11.785071441663572,
      NaN
    ],
    [
      11.620761102598959,
      11.657315780073455,
      28.80358240246391,
      11.780974298921638,
      12.056209701244255,
      12.127701571077031,
      12.108431229637947,
      12.106418511272967,
      12.097325322380708,
      NaN
    ],
    [
      11.607096997387696,
      11.645685099299168,
      13.383141427156511,
      12.029488280413847,
      12.102175902987797,
      11.898700536967054,
      11.979074664318363,
      49.99999999999109,
      49.9999999999603,
      49.99999522900499
    ],
    [
      11.498436038601884,
      11.56053283260697,
      11.399240553599228,
      11.424978203441986,
      49.999999994072176,
      49.99999999999997,
      49.99999999996127,
      49.99999999999556,
      24.214420488143112,
      99.99999998834456
    ],
    [
      11.498432749117837,
      11.562210776034716,
      11.384028057745285,
      11.404296623047319,
      16.251692479292295,
      16.987606355033563,
      26.65265056047768,
      34.42502992364273,
      11.231420831078333,
      10.992727804878697
    ]
  ],
  "plateau_t0_idx": [
    0,
    1,
    2,
    3,
    4
  ],
  "plateau_te_idx": [
    2,
    3,
    4
  ],
  "t0_plateau_min": 10.0,
  "t0_plateau_max": 16.666666666666668,
  "te_plateau_min": 38.0,
  "te_plateau_max": 46.0,
  "omega_pct_err": 2.2330417125225774,
  "tau_pct_err": 37.92937675465973,
  "omega_theory": 0.3737,
  "tau_theory": 11.241
}