{
  "omega": 0.37777762498905904,
  "tau": 11.427445301766582,
  "omega_pct_err": 1.0911493147067324,
  "tau_pct_err": 1.658618466031335,
  "omega_theory": 0.3737,
  "tau_theory": 11.241
}