{
  "omega": 0.3821691883158165,
  "tau": 11.819108745509801,
  "A": 1.9283676833061134,
  "phi": -0.9877056325394915,
  "omega_pct_err": 2.2663067476094465,
  "tau_pct_err": 5.14285869148476,
  "omega_theory": 0.3737,
  "tau_theory": 11.241
}