{
  "omega": 0.37893229763145436,
  "tau": 11.473526754401453,
  "A": 2.038504519103107,
  "phi": -0.9090849963578388,
  "omega_pct_err": 1.4001331633541305,
  "tau_pct_err": 2.068559331033301,
  "omega_theory": 0.3737,
  "tau_theory": 11.241,
  "t_start_used": 17.0,
  "t_end_used": 50.0,
  "m4_plateau_min": 17.0,
  "m4_plateau_max": 24.0
}