{
  "omega": 0.5615137516460669,
  "tau": 19.654365187198287,
  "omega_std": 0.1881973902175164,
  "tau_std": 8.313729296310672,
  "t_starts": [
    10.0,
    11.0,
    12.0,
    13.0,
    14.0,
    15.0,
    16.0,
    17.0,
    18.0,
    19.0,
    20.0,
    21.0,
    22.0,
    23.0,
    24.0,
    25.0
  ],
  "omegas": [
    0.37888332718989587,
    0.37964947588676845,
    0.3796938009431832,
    0.378671519028454,
    0.37791592838858873,
    0.37853990402764903,
    0.05000000000000001,
    0.6966935334228995,
    0.6998471876985213,
    0.7052538344820223,
    0.7086041168579645,
    0.6997572202874123,
    0.21189078799250363,
    0.38537466857026076,
    0.38468866385695083,
    0.3858072810732799
  ],
  "taus": [
    11.498432749117837,
    11.56426720049085,
    11.56204159880606,
    11.379006972533853,
    11.406322840930983,
    11.404296623047319,
    49.999999990692245,
    16.237129380011563,
    16.537446192482534,
    18.651210475248618,
    26.65265056047768,
    38.058506203300645,
    18.627527404479633,
    11.375105229861445,
    11.095346051724198,
    10.992727804878697
  ],
  "omegas1": [
    0.5398636609669473,
    0.753545626789803,
    0.7521406090462472,
    0.05000000000002502,
    0.05000000000000001,
    0.05000000000000001,
    0.3788554164524595,
    0.3798477048759708,
    0.37986853568404155,
    0.37988456216878286,
    0.37986192429297755,
    0.379763805463842,
    0.38356457415554657,
    0.21506435054797005,
    0.1937124962229419,
    0.22853091720792126
  ],
  "taus1": [
    2.175213093508741,
    5.213844726773596,
    5.555226685135053,
    8.410446904803445,
    5.887922066539098,
    8.438670806614011,
    11.520885743565213,
    11.502623977095157,
    11.507849622038526,
    11.523061705764514,
    11.555873431960704,
    11.585514695635215,
    11.7220357947113,
    7.291844013410678,
    4.381316438993164,
    4.490261388857154
  ],
  "plateau_idx": [
    7,
    8,
    9,
    10,
    11,
    12,
    13,
    14
  ],
  "t0_plateau_min": 17.0,
  "t0_plateau_max": 24.0,
  "omega_pct_err": 50.25789447312468,
  "tau_pct_err": 74.84534460633651,
  "omega_theory": 0.3737,
  "tau_theory": 11.241
}