{
  "omega": 0.37941771444203365,
  "tau": 11.478579602387562,
  "A": 2.006642417609553,
  "phi": -0.9463909958316226,
  "omega_pct_err": 1.530027948095711,
  "tau_pct_err": 2.113509495485831,
  "omega_theory": 0.3737,
  "tau_theory": 11.241
}