{
  "omega": 0.3707505409380548,
  "tau": 10.984321011588317,
  "omega_std": 0.0008847436344067109,
  "tau_std": 0.08345253399352101,
  "t_starts": [
    10.0,
    11.0,
    12.0,
    13.0,
    14.0,
    15.0,
    16.0,
    17.0,
    18.0,
    19.0,
    20.0,
    21.0,
    22.0,
    23.0,
    24.0,
    25.0
  ],
  "omegas": [
    0.371331660242842,
    0.3714767311206147,
    0.3716718050286568,
    0.3721195442683932,
    0.3724244291884137,
    0.3713920359447889,
    0.37100302526273393,
    0.370938978585069,
    0.37094183095319255,
    0.3698733311387644,
    0.36972425728618763,
    0.3697064391452884,
    0.37012647240552116,
    0.05000291391256257,
    0.05029037883553992,
    NaN
  ],
  "taus": [
    10.724602317609751,
    10.730714225269837,
    10.750482641833718,
    10.81388124273505,
    10.980314472552998,
    11.097313309077832,
    11.065514589828341,
    11.041530074861305,
    11.03046962168769,
    10.848325855285994,
    10.901554892033198,
    10.909545277379172,
    10.856067531825298,
    48.04503477018775,
    49.99999991910443,
    NaN
  ],
  "omegas1": [
    0.6309491777112751,
    0.6450423891532264,
    0.6519622138696707,
    0.6115952138462379,
    0.5113603426211706,
    0.44168182471381384,
    0.4256335394425486,
    0.42497686550413993,
    0.42916107460242786,
    0.05127703180664594,
    0.053501547586429374,
    0.053839680062010176,
    0.050764273987472325,
    0.370855658567407,
    0.37078124974740007,
    NaN
  ],
  "taus1": [
    2.6083443887156044,
    2.6871553309844938,
    2.990030938516046,
    3.8876082478532124,
    4.430952384682327,
    3.9608782658181187,
    3.5124656936211958,
    3.237287377279589,
    3.0981036863041096,
    8.028536277361571,
    6.468257182865292,
    6.278775865570146,
    9.29243265902297,
    10.862260500673186,
    10.88437659297865,
    NaN
  ],
  "plateau_idx": [
    4,
    5,
    6,
    7,
    8,
    9,
    10,
    11
  ],
  "t0_plateau_min": 14.0,
  "t0_plateau_max": 21.0,
  "omega_pct_err": 0.7892585126960554,
  "tau_pct_err": 2.2834177422976802,
  "omega_theory": 0.3737,
  "tau_theory": 11.241
}