{
  "omega": 0.37742200733414233,
  "tau": 10.457046423130487,
  "K": 4,
  "all_omegas": [
    -0.05562849707424402,
    0.37742200733414233,
    0.03988269656987124,
    0.010881423710103243
  ],
  "all_taus": [
    0.8703101738860235,
    10.457046423130487,
    Infinity,
    Infinity
  ],
  "all_amps": [
    0.0,
    0.0,
    9.765094190345167e-24,
    1.793662034335766e-43
  ],
  "omega_pct_err": 0.9959880476698829,
  "tau_pct_err": 6.974055483226693,
  "omega_theory": 0.3737,
  "tau_theory": 11.241
}