{
  "omega": 0.372888266913435,
  "tau": 10.906356692076136,
  "omega_std": 0.0017940288431971556,
  "tau_std": 0.08227356109359736,
  "t_starts": [
    10.0,
    11.666666666666666,
    13.333333333333334,
    15.0,
    16.666666666666668,
    18.333333333333336,
    20.0,
    21.666666666666668,
    23.333333333333336,
    25.0
  ],
  "t_ends": [
    30.0,
    34.0,
    38.0,
    42.0,
    46.0,
    50.0
  ],
  "omegas_grid": [
    [
      0.37110162318277595,
      0.37115650278169776,
      0.37112106138937623,
      0.37209862800727256,
      0.37232768434572305,
      0.40936943285679883,
      0.3717938567824795,
      NaN,
      NaN,
      NaN
    ],
    [
      0.37142539770152216,
      0.37173330844291624,
      0.37202428743690713,
      0.37226466251059154,
      0.3717699269756812,
      0.3706577540040642,
      NaN,
      0.36857000412955643,
      0.05000002338740067,
      0.06692945765876852
    ],
    [
      0.3713114205719184,
      0.371630470483172,
      0.3728086939832869,
      0.3723882199345213,
      0.3709939883831223,
      0.37306703612963493,
      0.3823791429382663,
      0.4593745724203432,
      0.5776560392135051,
      0.932660884323608
    ],
    [
      0.37159688279474457,
      0.3719255125701839,
      0.37313417355392337,
      0.3734614356648405,
      0.3740118937844833,
      0.37560253729204546,
      0.3756945478218472,
      NaN,
      0.6726667928718757,
      0.6712704131889378
    ],
    [
      0.3715999198080512,
      0.37195695997612527,
      0.3731992291984481,
      0.3732814822714547,
      0.3735819112610954,
      0.3739672268010398,
      0.37365496624459527,
      0.37282043991879565,
      0.3727583647637539,
      0.3730606501714706
    ],
    [
      0.371331660242842,
      0.371598640097882,
      0.372328846170337,
      0.3713920359447889,
      0.3709456804773376,
      0.3693437799291015,
      0.36972425728618763,
      0.3698894755902873,
      0.05000000000000001,
      NaN
    ]
  ],
  "taus_grid": [
    [
      10.586765860214893,
      10.575599456799841,
      10.576619989424213,
      10.689051693189432,
      10.712248693052928,
      14.394975716149355,
      10.627974529667988,
      NaN,
      NaN,
      NaN
    ],
    [
      10.599308216908746,
      10.592860096139,
      10.637686881437817,
      10.754578550271031,
      10.879335476184805,
      10.920358820386877,
      NaN,
      10.73360635919314,
      28.66809519513567,
      47.5114948050455
    ],
    [
      10.677218866355938,
      10.690381560667737,
      10.814906097976978,
      11.094445690570216,
      11.114221512955638,
      11.21025655580545,
      99.99999993971635,
      99.99999992951962,
      99.99999961053791,
      99.99999999999999
    ],
    [
      10.679848378399901,
      10.698098854322623,
      10.832510384046108,
      10.977797491036991,
      10.930065864297323,
      10.83432604729191,
      10.818966107895067,
      NaN,
      49.999999993999054,
      49.999991330757425
    ],
    [
      10.71147299363945,
      10.729528786715262,
      10.852104808143542,
      10.951478490336104,
      10.922699301151912,
      10.8974662933336,
      10.880263382095492,
      10.858788341724967,
      10.868321266827282,
      10.895377293510142
    ],
    [
      10.724602317609751,
      10.741894485146098,
      10.859096764210157,
      11.097313309077832,
      11.047324832804572,
      10.792382413388225,
      10.901554892033198,
      10.87848980279327,
      49.999999999999666,
      NaN
    ]
  ],
  "plateau_t0_idx": [
    2,
    3,
    4,
    5,
    6
  ],
  "plateau_te_idx": [
    3,
    4,
    5
  ],
  "t0_plateau_min": 13.333333333333334,
  "t0_plateau_max": 20.0,
  "te_plateau_min": 42.0,
  "te_plateau_max": 50.0,
  "omega_pct_err": 0.21721516900320004,
  "tau_pct_err": 2.9769887725635087,
  "omega_theory": 0.3737,
  "tau_theory": 11.241
}