{
  "omega": 0.3710793332913423,
  "tau": 10.909576967581332,
  "omega_pct_err": 0.7012755441952587,
  "tau_pct_err": 2.948341183334826,
  "omega_theory": 0.3737,
  "tau_theory": 11.241
}