{
  "omega": 0.3748399185269216,
  "tau": 10.436332155600264,
  "A": 2.437310281948401,
  "phi": -0.845297755217663,
  "omega_pct_err": 0.3050357310467313,
  "tau_pct_err": 7.158329725111077,
  "omega_theory": 0.3737,
  "tau_theory": 11.241,
  "t_start_used": 14.0,
  "t_end_used": 50.0,
  "m4_plateau_min": 14.0,
  "m4_plateau_max": 21.0
}