{
  "omega": 0.2775158302492905,
  "tau": 49.99999999999038,
  "omega_std": 0.024625044845851082,
  "tau_std": 2.375304380011179e-11,
  "t_starts": [
    10.0,
    11.0,
    12.0,
    13.0,
    14.0,
    15.0,
    16.0,
    17.0,
    18.0,
    19.0,
    20.0,
    21.0,
    22.0,
    23.0,
    24.0,
    25.0
  ],
  "omegas": [
    0.3634471802405034,
    0.3636506504520532,
    0.3456815624869908,
    0.25385222053716416,
    0.24363743515182382,
    0.24474811960443058,
    0.24442357238314927,
    0.24680236533351246,
    0.25476931661410546,
    0.26743517167467284,
    0.2855310463998132,
    0.3091585303213067,
    0.3244388807383789,
    0.25863934867692506,
    0.259685223980718,
    0.2604691235884037
  ],
  "taus": [
    10.6715432336931,
    10.638743058823568,
    99.99999999993445,
    49.99999999999999,
    49.99999999999999,
    99.99999999999922,
    99.99999999999987,
    99.99999999999999,
    49.99999999992758,
    49.99999999999897,
    49.99999999999716,
    49.999999999999865,
    49.99999999999999,
    49.99999999999999,
    49.99999999999999,
    49.999999999999496
  ],
  "omegas1": [
    0.456888321126571,
    0.45066371588603144,
    0.38472106343389356,
    0.3724044307342259,
    0.37173024380068354,
    0.37266567670807255,
    0.37258933020280594,
    0.3730976138241592,
    0.3743832914872902,
    0.3780423318453718,
    0.3843138547526195,
    0.393199641518707,
    0.3981682142166364,
    0.3784287452073396,
    0.3799989109416044,
    0.38306622908832483
  ],
  "taus1": [
    3.340942060370247,
    3.2124472421619923,
    10.323232790460487,
    9.657330261987228,
    9.581591533048707,
    9.628890842260919,
    9.63638591931282,
    9.611392164882371,
    9.450427396448243,
    9.40436761199223,
    9.497504684531593,
    10.055210090588133,
    11.055805816982657,
    9.347312869964627,
    9.12796590521061,
    8.902388973000372
  ],
  "plateau_idx": [
    8,
    9,
    10,
    11,
    12,
    13,
    14,
    15
  ],
  "t0_plateau_min": 18.0,
  "t0_plateau_max": 25.0,
  "omega_pct_err": 25.738338172520603,
  "tau_pct_err": 344.8002846720966,
  "omega_theory": 0.3737,
  "tau_theory": 11.241
}