{
  "omega": 0.3692248069065415,
  "tau": 10.525397193586391,
  "omega_pct_err": 1.1975362840402601,
  "tau_pct_err": 6.36600664009971,
  "omega_theory": 0.3737,
  "tau_theory": 11.241
}