{
  "omega": 0.37816101953595915,
  "tau": 11.439420711592229,
  "A": 2.0126998116206214,
  "phi": -0.9267058142548993,
  "omega_pct_err": 1.193743520460042,
  "tau_pct_err": 1.76515178002161,
  "omega_theory": 0.3737,
  "tau_theory": 11.241
}