{
  "omega": 0.3669040190510959,
  "tau": 10.552889335074273,
  "A": 2.373104835654276,
  "phi": -0.6470895466367469,
  "omega_pct_err": 1.8185659483286332,
  "tau_pct_err": 6.121436392898558,
  "omega_theory": 0.3737,
  "tau_theory": 11.241,
  "t_start_used": 18.0,
  "t_end_used": 50.0,
  "m4_plateau_min": 18.0,
  "m4_plateau_max": 25.0
}