{
  "omega": 0.37771355637228293,
  "tau": 10.47877670895098,
  "K": 4,
  "all_omegas": [
    -0.06856789346862276,
    0.37771355637228293,
    0.027302752321030813,
    -0.0476132831401712
  ],
  "all_taus": [
    0.8470939337436998,
    10.47877670895098,
    Infinity,
    Infinity
  ],
  "all_amps": [
    1.598615655563037e-71,
    8.728336171580858e-42,
    2.2569146802449383e-47,
    2.2552698783770665e-26
  ],
  "omega_pct_err": 1.074004916318693,
  "tau_pct_err": 6.780742736847436,
  "omega_theory": 0.3737,
  "tau_theory": 11.241
}