{
  "omega": 0.38473422807960644,
  "tau": 11.98926397100765,
  "omega_std": 0.038375245908435406,
  "tau_std": 2.9755246499880355,
  "t_starts": [
    10.0,
    11.666666666666666,
    13.333333333333334,
    15.0,
    16.666666666666668,
    18.333333333333336,
    20.0,
    21.666666666666668,
    23.333333333333336,
    25.0
  ],
  "t_ends": [
    30.0,
    34.0,
    38.0,
    42.0,
    46.0,
    50.0
  ],
  "omegas_grid": [
    [
      0.3714215170818406,
      0.372334340358776,
      0.3726042059078974,
      0.4762103036969289,
      0.4859403486805399,
      0.39044734952712085,
      0.37461385962768134,
      NaN,
      NaN,
      NaN
    ],
    [
      0.3724019333322211,
      0.3733616525175639,
      0.37440685211061087,
      0.37552259888090117,
      0.37560626165906935,
      0.37311650244186223,
      NaN,
      0.37060598365153086,
      0.05034117043829236,
      NaN
    ],
    [
      0.37229497693272473,
      0.3727228019779465,
      0.35060807107768677,
      0.35977553162549447,
      0.3658020253538932,
      NaN,
      0.11061091865976783,
      0.1930592908355964,
      0.5549006393839934,
      NaN
    ],
    [
      0.3697276769255832,
      0.36955363558913207,
      0.20010853993114938,
      0.36795482410389263,
      0.36940148886150637,
      0.05000000000000001,
      0.05000000000000074,
      0.05000000001348307,
      0.05000105142284667,
      0.14650920794549693
    ],
    [
      0.3684920225627506,
      0.3681125066753951,
      0.1909397918021109,
      0.36810942250980105,
      0.17959640087327305,
      0.1713873527431895,
      0.19926778515838392,
      0.25155463121194965,
      0.33373582169219523,
      0.40570478182406766
    ],
    [
      0.3634471802405034,
      0.36186416745419286,
      0.24553773181505076,
      0.24474811960443058,
      0.2456272430223824,
      0.25922454907565134,
      0.2855310463998132,
      0.32476166967778325,
      0.2590685687613893,
      0.2604691235884037
    ]
  ],
  "taus_grid": [
    [
      10.6175639575789,
      10.573011722382828,
      10.598485522221349,
      12.59488161970793,
      15.233642260598797,
      14.860517330803688,
      10.932721372240659,
      NaN,
      NaN,
      NaN
    ],
    [
      10.65688711438296,
      10.588034740372823,
      10.671258057980106,
      10.906281671663322,
      10.9139710270568,
      11.105791166682302,
      NaN,
      10.996036178787172,
      49.97353832783562,
      NaN
    ],
    [
      10.787344403691502,
      10.808700969952177,
      22.19502640377893,
      11.829547150227173,
      10.86432294351915,
      NaN,
      49.99999184179506,
      49.99998172302037,
      49.99954309709342,
      NaN
    ],
    [
      10.840573410807435,
      10.83225816992721,
      18.63829054598886,
      10.289255951155328,
      10.30540474320016,
      49.99999999998038,
      49.99999999999149,
      49.99999999999727,
      42.79363956757111,
      99.99999996279314
    ],
    [
      10.672347691298699,
      10.619223458084246,
      25.17985590477741,
      10.189448887256168,
      49.9999990058554,
      49.999999999999915,
      49.99999999999999,
      49.99999988382412,
      99.99999971268325,
      49.99999999937182
    ],
    [
      10.6715432336931,
      99.99999998562997,
      49.99999999999999,
      99.99999999999922,
      99.99999999999999,
      49.99999999999999,
      49.99999999999716,
      49.999999996805066,
      49.99999999999951,
      49.999999999999496
    ]
  ],
  "plateau_t0_idx": [
    0,
    1,
    2,
    3,
    4
  ],
  "plateau_te_idx": [
    0,
    1,
    2
  ],
  "t0_plateau_min": 10.0,
  "t0_plateau_max": 16.666666666666668,
  "te_plateau_min": 30.0,
  "te_plateau_max": 38.0,
  "omega_pct_err": 2.9526968369297477,
  "tau_pct_err": 6.656560546282813,
  "omega_theory": 0.3737,
  "tau_theory": 11.241
}